UUID,VAR1
a923-45b7-gh12-166,shopping
a923-45b7-gh12-7236,shopping
a923-45b7-gh12-3560,shopping
a923-45b7-gh12-4000,shopping
a923-45b7-gh12-7772,shopping
a923-45b7-gh12-2354,shopping
a923-45b7-gh12-5583,shopping
a923-45b7-gh12-2485,shopping
a923-45b7-gh12-6507,shopping
a923-45b7-gh12-8581,shopping
a923-45b7-gh12-2019,shopping
a923-45b7-gh12-5705,shopping
a923-45b7-gh12-2693,shopping
a923-45b7-gh12-438,shopping
a923-45b7-gh12-2048,shopping
a923-45b7-gh12-573,shopping
a923-45b7-gh12-6305,shopping
a923-45b7-gh12-8349,shopping
a923-45b7-gh12-3836,shopping
a923-45b7-gh12-7951,shopping
a923-45b7-gh12-3777,shopping
a923-45b7-gh12-8232,shopping
a923-45b7-gh12-9694,shopping
a923-45b7-gh12-9257,shopping
a923-45b7-gh12-1553,shopping
a923-45b7-gh12-7663,shopping
a923-45b7-gh12-9228,shopping
a923-45b7-gh12-3671,shopping
a923-45b7-gh12-228,shopping
a923-45b7-gh12-2882,shopping
a923-45b7-gh12-893,shopping
a923-45b7-gh12-48,shopping
a923-45b7-gh12-3696,shopping
a923-45b7-gh12-8061,shopping
a923-45b7-gh12-3625,shopping
a923-45b7-gh12-4519,shopping
a923-45b7-gh12-9068,shopping
a923-45b7-gh12-5554,shopping
a923-45b7-gh12-4874,shopping
a923-45b7-gh12-7729,shopping
a923-45b7-gh12-1550,shopping
a923-45b7-gh12-6784,shopping
a923-45b7-gh12-7307,shopping
a923-45b7-gh12-1348,shopping
a923-45b7-gh12-6001,shopping
a923-45b7-gh12-3452,shopping
a923-45b7-gh12-8722,shopping
a923-45b7-gh12-7301,shopping
a923-45b7-gh12-3789,shopping
a923-45b7-gh12-5783,shopping
a923-45b7-gh12-4609,shopping
a923-45b7-gh12-3575,shopping
a923-45b7-gh12-9966,shopping
a923-45b7-gh12-4627,shopping
a923-45b7-gh12-4315,shopping
a923-45b7-gh12-7281,shopping
a923-45b7-gh12-6628,shopping
a923-45b7-gh12-6139,shopping
a923-45b7-gh12-6782,shopping
a923-45b7-gh12-6397,shopping
a923-45b7-gh12-7326,shopping
a923-45b7-gh12-8471,shopping
a923-45b7-gh12-2268,shopping
a923-45b7-gh12-3220,shopping
a923-45b7-gh12-3491,shopping
a923-45b7-gh12-167,shopping
a923-45b7-gh12-1473,shopping
a923-45b7-gh12-3518,shopping
a923-45b7-gh12-4974,shopping
a923-45b7-gh12-9345,shopping
a923-45b7-gh12-9261,shopping
a923-45b7-gh12-1015,shopping
a923-45b7-gh12-1977,shopping
a923-45b7-gh12-8873,shopping
a923-45b7-gh12-1617,shopping
a923-45b7-gh12-962,shopping
a923-45b7-gh12-2993,shopping
a923-45b7-gh12-4570,shopping
a923-45b7-gh12-6533,shopping
a923-45b7-gh12-9444,shopping
a923-45b7-gh12-8050,shopping
a923-45b7-gh12-9412,shopping
a923-45b7-gh12-5519,shopping
a923-45b7-gh12-5757,shopping
a923-45b7-gh12-8242,shopping
a923-45b7-gh12-7691,shopping
a923-45b7-gh12-8091,shopping
a923-45b7-gh12-4796,shopping
a923-45b7-gh12-6316,shopping
a923-45b7-gh12-7997,shopping
a923-45b7-gh12-798,shopping
a923-45b7-gh12-3162,shopping
a923-45b7-gh12-3019,shopping
a923-45b7-gh12-8279,shopping
a923-45b7-gh12-258,shopping
a923-45b7-gh12-7686,shopping
a923-45b7-gh12-8255,shopping
a923-45b7-gh12-1574,shopping
a923-45b7-gh12-8841,shopping
a923-45b7-gh12-8091,shopping
a923-45b7-gh12-8608,shopping
a923-45b7-gh12-344,shopping
a923-45b7-gh12-7775,shopping
a923-45b7-gh12-1121,shopping
a923-45b7-gh12-928,shopping
a923-45b7-gh12-6795,shopping
a923-45b7-gh12-3167,shopping
a923-45b7-gh12-4190,shopping
a923-45b7-gh12-8742,shopping
a923-45b7-gh12-4610,shopping
a923-45b7-gh12-4751,shopping
a923-45b7-gh12-7909,shopping
a923-45b7-gh12-7742,shopping
a923-45b7-gh12-6554,shopping
a923-45b7-gh12-3126,shopping
a923-45b7-gh12-4671,shopping
a923-45b7-gh12-7661,shopping
a923-45b7-gh12-3892,shopping
a923-45b7-gh12-4330,shopping
a923-45b7-gh12-5808,shopping
a923-45b7-gh12-5889,shopping
a923-45b7-gh12-222,shopping
a923-45b7-gh12-2022,shopping
a923-45b7-gh12-6984,shopping
a923-45b7-gh12-4456,shopping
a923-45b7-gh12-6014,shopping
a923-45b7-gh12-4367,shopping
a923-45b7-gh12-742,shopping
a923-45b7-gh12-7353,shopping
a923-45b7-gh12-6120,shopping
a923-45b7-gh12-6447,shopping
a923-45b7-gh12-1010,shopping
a923-45b7-gh12-7779,shopping
a923-45b7-gh12-5486,shopping
a923-45b7-gh12-9064,shopping
a923-45b7-gh12-7942,shopping
a923-45b7-gh12-7901,shopping
a923-45b7-gh12-9925,shopping
a923-45b7-gh12-5070,shopping
a923-45b7-gh12-2204,shopping
a923-45b7-gh12-4916,shopping
a923-45b7-gh12-8653,shopping
a923-45b7-gh12-5093,shopping
a923-45b7-gh12-8239,shopping
a923-45b7-gh12-9432,shopping
a923-45b7-gh12-3356,shopping
a923-45b7-gh12-6666,shopping
a923-45b7-gh12-4287,shopping
a923-45b7-gh12-1909,shopping
a923-45b7-gh12-3546,shopping
a923-45b7-gh12-2707,shopping
a923-45b7-gh12-9763,shopping
a923-45b7-gh12-6523,shopping
a923-45b7-gh12-6954,shopping
a923-45b7-gh12-732,shopping
a923-45b7-gh12-8049,shopping
a923-45b7-gh12-1881,shopping
a923-45b7-gh12-156,shopping
a923-45b7-gh12-9633,shopping
a923-45b7-gh12-4457,shopping
a923-45b7-gh12-3834,shopping
a923-45b7-gh12-3867,shopping
a923-45b7-gh12-1591,shopping
a923-45b7-gh12-8972,shopping
a923-45b7-gh12-9850,shopping
a923-45b7-gh12-3144,shopping
a923-45b7-gh12-2682,shopping
a923-45b7-gh12-7222,shopping
a923-45b7-gh12-7193,shopping
a923-45b7-gh12-5965,shopping
a923-45b7-gh12-695,shopping
a923-45b7-gh12-6422,shopping
a923-45b7-gh12-7348,shopping
a923-45b7-gh12-344,shopping
a923-45b7-gh12-5673,shopping
a923-45b7-gh12-2368,shopping
a923-45b7-gh12-9722,shopping
a923-45b7-gh12-3422,shopping
a923-45b7-gh12-2138,shopping
a923-45b7-gh12-2408,shopping
a923-45b7-gh12-3959,shopping
a923-45b7-gh12-2920,shopping
a923-45b7-gh12-5596,shopping
a923-45b7-gh12-342,shopping
a923-45b7-gh12-5010,shopping
a923-45b7-gh12-8394,shopping
a923-45b7-gh12-6566,shopping
a923-45b7-gh12-3222,shopping
a923-45b7-gh12-8246,shopping
a923-45b7-gh12-5524,shopping
a923-45b7-gh12-7332,shopping
a923-45b7-gh12-7340,shopping
a923-45b7-gh12-9053,shopping
a923-45b7-gh12-8574,shopping
a923-45b7-gh12-276,shopping
a923-45b7-gh12-4131,shopping
a923-45b7-gh12-6731,shopping
a923-45b7-gh12-7913,shopping
a923-45b7-gh12-2539,shopping
a923-45b7-gh12-5674,shopping
a923-45b7-gh12-7220,shopping
a923-45b7-gh12-207,shopping
a923-45b7-gh12-2406,shopping
a923-45b7-gh12-6858,shopping
a923-45b7-gh12-4384,shopping
a923-45b7-gh12-5453,shopping
a923-45b7-gh12-9577,shopping
a923-45b7-gh12-5320,shopping
a923-45b7-gh12-4587,shopping
a923-45b7-gh12-1529,shopping
a923-45b7-gh12-5274,shopping
a923-45b7-gh12-4009,shopping
a923-45b7-gh12-859,shopping
a923-45b7-gh12-2874,shopping
a923-45b7-gh12-7796,shopping
a923-45b7-gh12-1113,shopping
a923-45b7-gh12-2831,shopping
a923-45b7-gh12-871,shopping
a923-45b7-gh12-1010,shopping
a923-45b7-gh12-2354,shopping
a923-45b7-gh12-6945,shopping
a923-45b7-gh12-152,shopping
a923-45b7-gh12-9185,shopping
a923-45b7-gh12-5969,shopping
a923-45b7-gh12-1066,shopping
a923-45b7-gh12-642,shopping
a923-45b7-gh12-398,shopping
a923-45b7-gh12-2862,shopping
a923-45b7-gh12-6772,shopping
a923-45b7-gh12-836,shopping
a923-45b7-gh12-9850,shopping
a923-45b7-gh12-3965,shopping
a923-45b7-gh12-5417,shopping
a923-45b7-gh12-3818,shopping
a923-45b7-gh12-6754,shopping
a923-45b7-gh12-2807,shopping
a923-45b7-gh12-2664,shopping
a923-45b7-gh12-6579,shopping
a923-45b7-gh12-2449,shopping
a923-45b7-gh12-7437,shopping
a923-45b7-gh12-6705,shopping
a923-45b7-gh12-6105,shopping
a923-45b7-gh12-4209,shopping
a923-45b7-gh12-4002,shopping
a923-45b7-gh12-3790,shopping
a923-45b7-gh12-3561,shopping
a923-45b7-gh12-8543,shopping
a923-45b7-gh12-7431,shopping
a923-45b7-gh12-5402,shopping
a923-45b7-gh12-1319,shopping
a923-45b7-gh12-9731,shopping
a923-45b7-gh12-5634,shopping
a923-45b7-gh12-5708,shopping
a923-45b7-gh12-6018,shopping
a923-45b7-gh12-7264,shopping
a923-45b7-gh12-7873,shopping
a923-45b7-gh12-4888,shopping
a923-45b7-gh12-1600,shopping
a923-45b7-gh12-9333,shopping
a923-45b7-gh12-25,shopping
a923-45b7-gh12-9340,shopping
a923-45b7-gh12-804,shopping
a923-45b7-gh12-5500,shopping
a923-45b7-gh12-8817,shopping
a923-45b7-gh12-7675,shopping
a923-45b7-gh12-2419,shopping
a923-45b7-gh12-1508,shopping
a923-45b7-gh12-2959,shopping
a923-45b7-gh12-4230,shopping
a923-45b7-gh12-47,shopping
a923-45b7-gh12-4641,shopping
a923-45b7-gh12-3187,shopping
a923-45b7-gh12-4826,shopping
a923-45b7-gh12-6467,shopping
a923-45b7-gh12-9210,shopping
a923-45b7-gh12-2535,shopping
a923-45b7-gh12-586,shopping
a923-45b7-gh12-1143,shopping
a923-45b7-gh12-3178,shopping
a923-45b7-gh12-7295,shopping
a923-45b7-gh12-4347,sport
a923-45b7-gh12-9551,sport
a923-45b7-gh12-5829,sport
a923-45b7-gh12-9468,sport
a923-45b7-gh12-9046,sport
a923-45b7-gh12-78,sport
a923-45b7-gh12-9148,sport
a923-45b7-gh12-7027,sport
a923-45b7-gh12-9821,sport
a923-45b7-gh12-8133,sport
a923-45b7-gh12-9427,sport
a923-45b7-gh12-8228,sport
a923-45b7-gh12-5796,sport
a923-45b7-gh12-6470,sport
a923-45b7-gh12-6516,sport
a923-45b7-gh12-303,sport
a923-45b7-gh12-5400,sport
a923-45b7-gh12-1004,sport
a923-45b7-gh12-9766,sport
a923-45b7-gh12-476,sport
a923-45b7-gh12-1863,sport
a923-45b7-gh12-7045,sport
a923-45b7-gh12-628,sport
a923-45b7-gh12-5333,sport
a923-45b7-gh12-8761,sport
a923-45b7-gh12-4092,sport
a923-45b7-gh12-3166,sport
a923-45b7-gh12-8968,sport
a923-45b7-gh12-5974,sport
a923-45b7-gh12-8487,sport
a923-45b7-gh12-2397,sport
a923-45b7-gh12-4037,sport
a923-45b7-gh12-8536,sport
a923-45b7-gh12-9861,sport
a923-45b7-gh12-173,sport
a923-45b7-gh12-2560,sport
a923-45b7-gh12-1143,sport
a923-45b7-gh12-8315,sport
a923-45b7-gh12-7828,sport
a923-45b7-gh12-5292,sport
a923-45b7-gh12-7449,sport
a923-45b7-gh12-7335,sport
a923-45b7-gh12-3888,sport
a923-45b7-gh12-6734,sport
a923-45b7-gh12-7943,sport
a923-45b7-gh12-8244,sport
a923-45b7-gh12-1141,sport
a923-45b7-gh12-4061,sport
a923-45b7-gh12-8287,sport
a923-45b7-gh12-9967,sport
a923-45b7-gh12-4897,sport
a923-45b7-gh12-4024,sport
a923-45b7-gh12-5829,sport
a923-45b7-gh12-6303,sport
a923-45b7-gh12-4670,sport
a923-45b7-gh12-5590,sport
a923-45b7-gh12-26,sport
a923-45b7-gh12-1070,sport
a923-45b7-gh12-3182,sport
a923-45b7-gh12-8397,sport
a923-45b7-gh12-5057,sport
a923-45b7-gh12-3178,sport
a923-45b7-gh12-3453,sport
a923-45b7-gh12-8765,sport
a923-45b7-gh12-525,sport
a923-45b7-gh12-750,sport
a923-45b7-gh12-1265,sport
a923-45b7-gh12-8183,sport
a923-45b7-gh12-5071,sport
a923-45b7-gh12-5409,sport
a923-45b7-gh12-7349,sport
a923-45b7-gh12-8677,sport
a923-45b7-gh12-4190,sport
a923-45b7-gh12-3923,sport
a923-45b7-gh12-1038,sport
a923-45b7-gh12-9327,sport
a923-45b7-gh12-3160,sport
a923-45b7-gh12-2964,sport
a923-45b7-gh12-8548,sport
a923-45b7-gh12-9748,sport
a923-45b7-gh12-1940,sport
a923-45b7-gh12-3705,sport
a923-45b7-gh12-8909,sport
a923-45b7-gh12-9344,sport
a923-45b7-gh12-1624,sport
a923-45b7-gh12-4833,sport
a923-45b7-gh12-7638,sport
a923-45b7-gh12-4441,sport
a923-45b7-gh12-2822,sport
a923-45b7-gh12-7155,sport
a923-45b7-gh12-8289,sport
a923-45b7-gh12-4640,sport
a923-45b7-gh12-5301,sport
a923-45b7-gh12-7168,sport
a923-45b7-gh12-2336,sport
a923-45b7-gh12-2322,sport
a923-45b7-gh12-8991,sport
a923-45b7-gh12-3714,sport
a923-45b7-gh12-1345,sport
a923-45b7-gh12-5088,sport
a923-45b7-gh12-2379,sport
a923-45b7-gh12-3454,sport
a923-45b7-gh12-4729,sport
a923-45b7-gh12-6931,sport
a923-45b7-gh12-6213,sport
a923-45b7-gh12-3560,sport
a923-45b7-gh12-993,sport
a923-45b7-gh12-6845,sport
a923-45b7-gh12-6827,sport
a923-45b7-gh12-4513,sport
a923-45b7-gh12-6031,sport
a923-45b7-gh12-5748,sport
a923-45b7-gh12-917,sport
a923-45b7-gh12-9950,sport
a923-45b7-gh12-1897,sport
a923-45b7-gh12-381,sport
a923-45b7-gh12-2233,sport
a923-45b7-gh12-8855,sport
a923-45b7-gh12-3833,sport
a923-45b7-gh12-686,sport
a923-45b7-gh12-2482,sport
a923-45b7-gh12-3350,sport
a923-45b7-gh12-9380,sport
a923-45b7-gh12-5135,sport
a923-45b7-gh12-1915,sport
a923-45b7-gh12-3338,sport
a923-45b7-gh12-8577,sport
a923-45b7-gh12-5501,sport
a923-45b7-gh12-465,sport
a923-45b7-gh12-1024,sport
a923-45b7-gh12-7287,sport
a923-45b7-gh12-1308,sport
a923-45b7-gh12-9814,sport
a923-45b7-gh12-6216,sport
a923-45b7-gh12-449,sport
a923-45b7-gh12-3083,sport
a923-45b7-gh12-749,sport
a923-45b7-gh12-2177,sport
a923-45b7-gh12-3218,sport
a923-45b7-gh12-3833,sport
a923-45b7-gh12-2998,sport
a923-45b7-gh12-7070,sport
a923-45b7-gh12-5400,sport
a923-45b7-gh12-1116,sport
a923-45b7-gh12-7069,sport
a923-45b7-gh12-1094,sport
a923-45b7-gh12-4949,sport
a923-45b7-gh12-9343,sport
a923-45b7-gh12-7732,sport
a923-45b7-gh12-2104,sport
a923-45b7-gh12-1080,sport
a923-45b7-gh12-3535,sport
a923-45b7-gh12-5375,sport
a923-45b7-gh12-7038,sport
a923-45b7-gh12-3031,sport
a923-45b7-gh12-1136,sport
a923-45b7-gh12-4871,sport
a923-45b7-gh12-4143,sport
a923-45b7-gh12-2904,sport
a923-45b7-gh12-9577,sport
a923-45b7-gh12-2046,sport
a923-45b7-gh12-9307,sport
a923-45b7-gh12-8783,sport
a923-45b7-gh12-889,sport
a923-45b7-gh12-2983,sport
a923-45b7-gh12-7179,sport
a923-45b7-gh12-9924,sport
a923-45b7-gh12-8367,sport
a923-45b7-gh12-9742,sport
a923-45b7-gh12-5844,sport
a923-45b7-gh12-1971,sport
a923-45b7-gh12-5130,sport
a923-45b7-gh12-6167,sport
a923-45b7-gh12-4338,sport
a923-45b7-gh12-3371,sport
a923-45b7-gh12-6404,sport
a923-45b7-gh12-2870,sport
a923-45b7-gh12-7435,sport
a923-45b7-gh12-7998,sport
a923-45b7-gh12-5199,sport
a923-45b7-gh12-7722,sport
a923-45b7-gh12-3878,sport
a923-45b7-gh12-2953,sport
a923-45b7-gh12-274,sport
a923-45b7-gh12-9714,sport
a923-45b7-gh12-588,sport
a923-45b7-gh12-3429,sport
a923-45b7-gh12-3347,sport
a923-45b7-gh12-784,sport
a923-45b7-gh12-8280,sport
a923-45b7-gh12-7955,sport
a923-45b7-gh12-3073,sport
a923-45b7-gh12-1156,sport
a923-45b7-gh12-6561,sport
a923-45b7-gh12-9277,sport
a923-45b7-gh12-4477,sport
a923-45b7-gh12-3833,sport
a923-45b7-gh12-2279,sport
a923-45b7-gh12-8211,sport
a923-45b7-gh12-6906,sport
a923-45b7-gh12-1704,sport
a923-45b7-gh12-6281,sport
a923-45b7-gh12-3001,sport
a923-45b7-gh12-8034,sport
a923-45b7-gh12-3918,sport
a923-45b7-gh12-3169,sport
a923-45b7-gh12-7300,sport
a923-45b7-gh12-7889,sport
a923-45b7-gh12-577,sport
a923-45b7-gh12-7586,sport
a923-45b7-gh12-5869,sport
a923-45b7-gh12-9181,sport
a923-45b7-gh12-5712,sport
a923-45b7-gh12-8495,sport
a923-45b7-gh12-4290,sport
a923-45b7-gh12-6075,sport
a923-45b7-gh12-1741,sport
a923-45b7-gh12-5150,sport
a923-45b7-gh12-2540,sport
a923-45b7-gh12-777,sport
a923-45b7-gh12-6709,sport
a923-45b7-gh12-6252,sport
a923-45b7-gh12-6865,sport
a923-45b7-gh12-9954,sport
a923-45b7-gh12-3940,sport
a923-45b7-gh12-2965,sport
a923-45b7-gh12-4952,sport
a923-45b7-gh12-5013,sport
a923-45b7-gh12-6407,sport
a923-45b7-gh12-7128,sport
a923-45b7-gh12-4621,sport
a923-45b7-gh12-4370,sport
a923-45b7-gh12-2624,sport
a923-45b7-gh12-1969,sport
a923-45b7-gh12-5930,sport
a923-45b7-gh12-9737,sport
a923-45b7-gh12-1520,sport
a923-45b7-gh12-4753,sport
a923-45b7-gh12-8602,sport
a923-45b7-gh12-7192,sport
a923-45b7-gh12-5933,sport
a923-45b7-gh12-6909,sport
a923-45b7-gh12-4453,sport
a923-45b7-gh12-6356,sport
a923-45b7-gh12-1128,sport
a923-45b7-gh12-9010,sport
a923-45b7-gh12-3555,sport
a923-45b7-gh12-2764,sport
a923-45b7-gh12-1411,sport
a923-45b7-gh12-1872,sport
a923-45b7-gh12-2784,sport
a923-45b7-gh12-4568,sport
a923-45b7-gh12-5070,sport
a923-45b7-gh12-269,sport
a923-45b7-gh12-347,sport
a923-45b7-gh12-1739,sport
a923-45b7-gh12-4853,sport
a923-45b7-gh12-8906,sport
a923-45b7-gh12-6911,sport
a923-45b7-gh12-3333,sport
a923-45b7-gh12-7670,sport
a923-45b7-gh12-6296,sport
a923-45b7-gh12-6740,sport
a923-45b7-gh12-309,sport
a923-45b7-gh12-5277,sport
a923-45b7-gh12-2224,sport
a923-45b7-gh12-3963,sport
a923-45b7-gh12-7920,sport
a923-45b7-gh12-4266,sport
a923-45b7-gh12-8386,sport
a923-45b7-gh12-1417,sport
a923-45b7-gh12-3333,sport
a923-45b7-gh12-4482,sport
a923-45b7-gh12-4422,sport
a923-45b7-gh12-471,sport
a923-45b7-gh12-5056,sport
a923-45b7-gh12-5887,sport
a923-45b7-gh12-9457,sport
a923-45b7-gh12-6438,sport
a923-45b7-gh12-7097,sport
a923-45b7-gh12-9437,cooking
a923-45b7-gh12-7929,cooking
a923-45b7-gh12-3934,cooking
a923-45b7-gh12-7160,cooking
a923-45b7-gh12-9882,cooking
a923-45b7-gh12-5536,cooking
a923-45b7-gh12-5414,cooking
a923-45b7-gh12-6159,cooking
a923-45b7-gh12-9017,cooking
a923-45b7-gh12-9110,cooking
a923-45b7-gh12-3428,cooking
a923-45b7-gh12-6707,cooking
a923-45b7-gh12-9911,cooking
a923-45b7-gh12-8404,cooking
a923-45b7-gh12-3758,cooking
a923-45b7-gh12-681,cooking
a923-45b7-gh12-2102,cooking
a923-45b7-gh12-9497,cooking
a923-45b7-gh12-916,cooking
a923-45b7-gh12-7801,cooking
a923-45b7-gh12-5403,cooking
a923-45b7-gh12-9531,cooking
a923-45b7-gh12-555,cooking
a923-45b7-gh12-9463,cooking
a923-45b7-gh12-7921,cooking
a923-45b7-gh12-4266,cooking
a923-45b7-gh12-9900,cooking
a923-45b7-gh12-876,cooking
a923-45b7-gh12-3264,cooking
a923-45b7-gh12-836,cooking
a923-45b7-gh12-5057,cooking
a923-45b7-gh12-896,cooking
a923-45b7-gh12-4299,cooking
a923-45b7-gh12-2084,cooking
a923-45b7-gh12-4898,cooking
a923-45b7-gh12-938,cooking
a923-45b7-gh12-4566,cooking
a923-45b7-gh12-5798,cooking
a923-45b7-gh12-1807,cooking
a923-45b7-gh12-1781,cooking
a923-45b7-gh12-2259,cooking
a923-45b7-gh12-3617,cooking
a923-45b7-gh12-5181,cooking
a923-45b7-gh12-6374,cooking
a923-45b7-gh12-1319,cooking
a923-45b7-gh12-4209,cooking
a923-45b7-gh12-7974,cooking
a923-45b7-gh12-8881,cooking
a923-45b7-gh12-2397,cooking
a923-45b7-gh12-7665,cooking
a923-45b7-gh12-6807,cooking
a923-45b7-gh12-7406,cooking
a923-45b7-gh12-3728,cooking
a923-45b7-gh12-3757,cooking
a923-45b7-gh12-568,cooking
a923-45b7-gh12-3011,cooking
a923-45b7-gh12-688,cooking
a923-45b7-gh12-1637,cooking
a923-45b7-gh12-7570,cooking
a923-45b7-gh12-8576,cooking
a923-45b7-gh12-6095,cooking
a923-45b7-gh12-6261,cooking
a923-45b7-gh12-5120,cooking
a923-45b7-gh12-596,cooking
a923-45b7-gh12-8345,cooking
a923-45b7-gh12-6538,cooking
a923-45b7-gh12-1241,cooking
a923-45b7-gh12-4128,cooking
a923-45b7-gh12-7722,cooking
a923-45b7-gh12-4546,cooking
a923-45b7-gh12-2827,cooking
a923-45b7-gh12-1921,cooking
a923-45b7-gh12-8959,cooking
a923-45b7-gh12-9533,cooking
a923-45b7-gh12-6393,cooking
a923-45b7-gh12-4941,cooking
a923-45b7-gh12-473,cooking
a923-45b7-gh12-340,cooking
a923-45b7-gh12-7090,cooking
a923-45b7-gh12-3581,cooking
a923-45b7-gh12-7637,cooking
a923-45b7-gh12-7590,cooking
a923-45b7-gh12-732,cooking
a923-45b7-gh12-6941,cooking
a923-45b7-gh12-2371,cooking
a923-45b7-gh12-3730,cooking
a923-45b7-gh12-5870,cooking
a923-45b7-gh12-9234,cooking
a923-45b7-gh12-48,cooking
a923-45b7-gh12-2533,cooking
a923-45b7-gh12-4242,cooking
a923-45b7-gh12-5510,cooking
a923-45b7-gh12-4702,cooking
a923-45b7-gh12-3568,cooking
a923-45b7-gh12-4791,cooking
a923-45b7-gh12-3709,cooking
a923-45b7-gh12-4898,cooking
a923-45b7-gh12-1182,cooking
a923-45b7-gh12-1145,cooking
a923-45b7-gh12-4940,cooking
a923-45b7-gh12-6017,cooking
a923-45b7-gh12-2998,cooking
a923-45b7-gh12-7281,cooking
a923-45b7-gh12-4695,cooking
a923-45b7-gh12-6730,cooking
a923-45b7-gh12-4058,cooking
a923-45b7-gh12-6594,cooking
a923-45b7-gh12-6674,cooking
a923-45b7-gh12-4829,cooking
a923-45b7-gh12-7193,cooking
a923-45b7-gh12-6935,cooking
a923-45b7-gh12-2552,cooking
a923-45b7-gh12-5812,cooking
a923-45b7-gh12-4346,cooking
a923-45b7-gh12-4837,cooking
a923-45b7-gh12-5091,cooking
a923-45b7-gh12-808,cooking
a923-45b7-gh12-8545,cooking
a923-45b7-gh12-9951,cooking
a923-45b7-gh12-2081,cooking
a923-45b7-gh12-5161,cooking
a923-45b7-gh12-8345,cooking
a923-45b7-gh12-7184,cooking
a923-45b7-gh12-3909,cooking
a923-45b7-gh12-2644,cooking
a923-45b7-gh12-6881,cooking
a923-45b7-gh12-3794,cooking
a923-45b7-gh12-9514,cooking
a923-45b7-gh12-607,cooking
a923-45b7-gh12-7647,cooking
a923-45b7-gh12-4622,cooking
a923-45b7-gh12-1916,cooking
a923-45b7-gh12-2831,cooking
a923-45b7-gh12-484,cooking
a923-45b7-gh12-7395,cooking
a923-45b7-gh12-7268,cooking
a923-45b7-gh12-1215,cooking
a923-45b7-gh12-6285,cooking
a923-45b7-gh12-3605,cooking
a923-45b7-gh12-1360,cooking
a923-45b7-gh12-2194,cooking
a923-45b7-gh12-5790,cooking
a923-45b7-gh12-3838,cooking
a923-45b7-gh12-3157,cooking
a923-45b7-gh12-4776,cooking
a923-45b7-gh12-950,cooking
a923-45b7-gh12-229,cooking
a923-45b7-gh12-6527,cooking
a923-45b7-gh12-6887,cooking
a923-45b7-gh12-8577,cooking
a923-45b7-gh12-6190,cooking
a923-45b7-gh12-6097,cooking
a923-45b7-gh12-8519,cooking
a923-45b7-gh12-2533,cooking
a923-45b7-gh12-9554,cooking
a923-45b7-gh12-375,cooking
a923-45b7-gh12-7065,cooking
a923-45b7-gh12-6129,cooking
a923-45b7-gh12-5388,cooking
a923-45b7-gh12-2735,cooking
a923-45b7-gh12-9968,cooking
a923-45b7-gh12-3288,cooking
a923-45b7-gh12-8730,cooking
a923-45b7-gh12-4905,cooking
a923-45b7-gh12-3727,cooking
a923-45b7-gh12-2012,cooking
a923-45b7-gh12-7167,cooking
a923-45b7-gh12-4526,cooking
a923-45b7-gh12-8305,cooking
a923-45b7-gh12-1333,cooking
a923-45b7-gh12-7551,cooking
a923-45b7-gh12-8178,cooking
a923-45b7-gh12-9180,cooking
a923-45b7-gh12-8361,cooking
a923-45b7-gh12-784,cooking
a923-45b7-gh12-578,cooking
a923-45b7-gh12-1917,cooking
a923-45b7-gh12-8762,cooking
a923-45b7-gh12-3997,cooking
a923-45b7-gh12-1584,cooking
a923-45b7-gh12-6358,cooking
a923-45b7-gh12-7051,cooking
a923-45b7-gh12-8033,cooking
a923-45b7-gh12-409,cooking
a923-45b7-gh12-2439,cooking
a923-45b7-gh12-6395,cooking
a923-45b7-gh12-5256,cooking
a923-45b7-gh12-5830,cooking
a923-45b7-gh12-9227,cooking
a923-45b7-gh12-8667,cooking
a923-45b7-gh12-5958,cooking
a923-45b7-gh12-9082,cooking
a923-45b7-gh12-9694,cooking
a923-45b7-gh12-800,cooking
a923-45b7-gh12-608,cooking
a923-45b7-gh12-4891,cooking
a923-45b7-gh12-2602,cooking
a923-45b7-gh12-8697,cooking
a923-45b7-gh12-7886,cooking
a923-45b7-gh12-2557,cooking
a923-45b7-gh12-4351,cooking
a923-45b7-gh12-8632,cooking
a923-45b7-gh12-8305,cooking
a923-45b7-gh12-6451,cooking
a923-45b7-gh12-8134,cooking
a923-45b7-gh12-7398,cooking
a923-45b7-gh12-7622,cooking
a923-45b7-gh12-9204,cooking
a923-45b7-gh12-2837,cooking
a923-45b7-gh12-2715,cooking
a923-45b7-gh12-2813,cooking
a923-45b7-gh12-3390,cooking
a923-45b7-gh12-4765,cooking
a923-45b7-gh12-8407,cooking
a923-45b7-gh12-2057,cooking
a923-45b7-gh12-2943,cooking
a923-45b7-gh12-9316,cooking
a923-45b7-gh12-3285,cooking
a923-45b7-gh12-2336,cooking
a923-45b7-gh12-3179,cooking
a923-45b7-gh12-7231,cooking
a923-45b7-gh12-1260,cooking
a923-45b7-gh12-1310,cooking
a923-45b7-gh12-5164,cooking
a923-45b7-gh12-3343,cooking
a923-45b7-gh12-6007,cooking
a923-45b7-gh12-7525,cooking
a923-45b7-gh12-6297,cooking
a923-45b7-gh12-2160,cooking
a923-45b7-gh12-3197,cooking
a923-45b7-gh12-427,cooking
a923-45b7-gh12-5021,cooking
a923-45b7-gh12-3806,cooking
a923-45b7-gh12-6714,cooking
a923-45b7-gh12-3653,cooking
a923-45b7-gh12-2488,cooking
a923-45b7-gh12-9546,cooking
a923-45b7-gh12-8594,cooking
a923-45b7-gh12-6436,cooking
a923-45b7-gh12-8352,cooking
a923-45b7-gh12-2554,cooking
a923-45b7-gh12-4433,cooking
a923-45b7-gh12-2846,cooking
a923-45b7-gh12-1489,cooking
a923-45b7-gh12-8597,cooking
a923-45b7-gh12-4705,cooking
a923-45b7-gh12-4810,cooking
a923-45b7-gh12-5684,cooking
a923-45b7-gh12-7471,cooking
a923-45b7-gh12-2597,cooking
a923-45b7-gh12-1892,cooking
a923-45b7-gh12-4364,cooking
a923-45b7-gh12-5581,cooking
a923-45b7-gh12-5007,cooking
a923-45b7-gh12-3329,cooking
a923-45b7-gh12-5869,cooking
a923-45b7-gh12-8923,cooking
a923-45b7-gh12-7331,cooking
a923-45b7-gh12-6868,cooking
a923-45b7-gh12-1873,cooking
a923-45b7-gh12-3290,cooking
a923-45b7-gh12-3991,cooking
a923-45b7-gh12-1103,cooking
a923-45b7-gh12-6175,cooking
a923-45b7-gh12-623,cooking
a923-45b7-gh12-2643,cooking
a923-45b7-gh12-9463,cooking
a923-45b7-gh12-3224,cooking
a923-45b7-gh12-6222,cooking
a923-45b7-gh12-5622,cooking
a923-45b7-gh12-7040,cooking
a923-45b7-gh12-6495,cooking
a923-45b7-gh12-9420,cooking
a923-45b7-gh12-960,cooking
a923-45b7-gh12-330,cooking
a923-45b7-gh12-9189,cooking
a923-45b7-gh12-5631,cooking
a923-45b7-gh12-2351,cooking
a923-45b7-gh12-792,cooking
a923-45b7-gh12-462,cooking
a923-45b7-gh12-9621,relax
a923-45b7-gh12-8049,relax
a923-45b7-gh12-9231,relax
a923-45b7-gh12-1348,relax
a923-45b7-gh12-577,relax
a923-45b7-gh12-4752,relax
a923-45b7-gh12-2052,relax
a923-45b7-gh12-8027,relax
a923-45b7-gh12-9992,relax
a923-45b7-gh12-4993,relax
a923-45b7-gh12-9012,relax
a923-45b7-gh12-8017,relax
a923-45b7-gh12-2522,relax
a923-45b7-gh12-8562,relax
a923-45b7-gh12-7248,relax
a923-45b7-gh12-7504,relax
a923-45b7-gh12-7912,relax
a923-45b7-gh12-9733,relax
a923-45b7-gh12-9211,relax
a923-45b7-gh12-1337,relax
a923-45b7-gh12-6038,relax
a923-45b7-gh12-6065,relax
a923-45b7-gh12-9453,relax
a923-45b7-gh12-6197,relax
a923-45b7-gh12-8506,relax
a923-45b7-gh12-6514,relax
a923-45b7-gh12-8268,relax
a923-45b7-gh12-9702,relax
a923-45b7-gh12-7874,relax
a923-45b7-gh12-4051,relax
a923-45b7-gh12-1005,relax
a923-45b7-gh12-2433,relax
a923-45b7-gh12-6989,relax
a923-45b7-gh12-9329,relax
a923-45b7-gh12-5077,relax
a923-45b7-gh12-8741,relax
a923-45b7-gh12-4482,relax
a923-45b7-gh12-7714,relax
a923-45b7-gh12-6015,relax
a923-45b7-gh12-7869,relax
a923-45b7-gh12-2234,relax
a923-45b7-gh12-7897,relax
a923-45b7-gh12-8056,relax
a923-45b7-gh12-7658,relax
a923-45b7-gh12-5924,relax
a923-45b7-gh12-573,relax
a923-45b7-gh12-8296,relax
a923-45b7-gh12-9920,relax
a923-45b7-gh12-6925,relax
a923-45b7-gh12-3113,relax
a923-45b7-gh12-353,relax
a923-45b7-gh12-4539,relax
a923-45b7-gh12-656,relax
a923-45b7-gh12-5461,relax
a923-45b7-gh12-8284,relax
a923-45b7-gh12-3118,relax
a923-45b7-gh12-8245,relax
a923-45b7-gh12-6607,relax
a923-45b7-gh12-3617,relax
a923-45b7-gh12-9727,relax
a923-45b7-gh12-4907,relax
a923-45b7-gh12-6379,relax
a923-45b7-gh12-3554,relax
a923-45b7-gh12-7150,relax
a923-45b7-gh12-2603,relax
a923-45b7-gh12-8549,relax
a923-45b7-gh12-2909,relax
a923-45b7-gh12-8617,relax
a923-45b7-gh12-3549,relax
a923-45b7-gh12-6178,relax
a923-45b7-gh12-1873,relax
a923-45b7-gh12-8041,relax
a923-45b7-gh12-4413,relax
a923-45b7-gh12-1139,relax
a923-45b7-gh12-2051,relax
a923-45b7-gh12-8308,relax
a923-45b7-gh12-4587,relax
a923-45b7-gh12-694,relax
a923-45b7-gh12-9189,relax
a923-45b7-gh12-4590,relax
a923-45b7-gh12-9772,relax
a923-45b7-gh12-429,relax
a923-45b7-gh12-7568,relax
a923-45b7-gh12-6190,relax
a923-45b7-gh12-8025,relax
a923-45b7-gh12-7844,relax
a923-45b7-gh12-8029,relax
a923-45b7-gh12-5321,relax
a923-45b7-gh12-5191,relax
a923-45b7-gh12-3638,relax
a923-45b7-gh12-5393,relax
a923-45b7-gh12-8187,relax
a923-45b7-gh12-267,relax
a923-45b7-gh12-7507,relax
a923-45b7-gh12-5271,relax
a923-45b7-gh12-3891,relax
a923-45b7-gh12-6246,relax
a923-45b7-gh12-3544,relax
a923-45b7-gh12-5605,relax
a923-45b7-gh12-6777,relax
a923-45b7-gh12-7783,relax
a923-45b7-gh12-2791,relax
a923-45b7-gh12-5581,relax
a923-45b7-gh12-6006,relax
a923-45b7-gh12-1810,relax
a923-45b7-gh12-5454,relax
a923-45b7-gh12-9872,relax
a923-45b7-gh12-8799,relax
a923-45b7-gh12-7296,relax
a923-45b7-gh12-5202,relax
a923-45b7-gh12-2044,relax
a923-45b7-gh12-5819,relax
a923-45b7-gh12-1543,relax
a923-45b7-gh12-2871,relax
a923-45b7-gh12-1154,relax
a923-45b7-gh12-3494,relax
a923-45b7-gh12-212,relax
a923-45b7-gh12-6019,relax
a923-45b7-gh12-4343,relax
a923-45b7-gh12-2044,relax
a923-45b7-gh12-5198,relax
a923-45b7-gh12-7817,relax
a923-45b7-gh12-1291,relax
a923-45b7-gh12-792,relax
a923-45b7-gh12-3508,relax
a923-45b7-gh12-9867,relax
a923-45b7-gh12-2685,relax
a923-45b7-gh12-9757,relax
a923-45b7-gh12-4077,relax
a923-45b7-gh12-9223,relax
a923-45b7-gh12-516,relax
a923-45b7-gh12-5172,relax
a923-45b7-gh12-4614,relax
a923-45b7-gh12-3040,relax
a923-45b7-gh12-8259,relax
a923-45b7-gh12-3903,relax
a923-45b7-gh12-8880,relax
a923-45b7-gh12-2031,relax
a923-45b7-gh12-2109,relax
a923-45b7-gh12-1772,relax
a923-45b7-gh12-9411,relax
a923-45b7-gh12-8523,relax
a923-45b7-gh12-7741,relax
a923-45b7-gh12-5165,relax
a923-45b7-gh12-2259,relax
a923-45b7-gh12-193,relax
a923-45b7-gh12-3963,relax
a923-45b7-gh12-9031,relax
a923-45b7-gh12-9794,relax
a923-45b7-gh12-9276,relax
a923-45b7-gh12-8664,relax
a923-45b7-gh12-3174,relax
a923-45b7-gh12-3114,relax
a923-45b7-gh12-9858,relax
a923-45b7-gh12-3439,relax
a923-45b7-gh12-4247,relax
a923-45b7-gh12-622,relax
a923-45b7-gh12-2539,relax
a923-45b7-gh12-8669,relax
a923-45b7-gh12-2060,relax
a923-45b7-gh12-4978,relax
a923-45b7-gh12-491,relax
a923-45b7-gh12-9342,relax
a923-45b7-gh12-3035,relax
a923-45b7-gh12-140,relax
a923-45b7-gh12-9159,relax
a923-45b7-gh12-7178,relax
a923-45b7-gh12-5495,relax
a923-45b7-gh12-9710,relax
a923-45b7-gh12-4042,relax
a923-45b7-gh12-9733,relax
a923-45b7-gh12-4948,relax
a923-45b7-gh12-1695,relax
a923-45b7-gh12-3722,relax
a923-45b7-gh12-8376,relax
a923-45b7-gh12-5748,relax
a923-45b7-gh12-7742,relax
a923-45b7-gh12-8780,relax
a923-45b7-gh12-7338,relax
a923-45b7-gh12-8902,relax
a923-45b7-gh12-6048,relax
a923-45b7-gh12-6033,relax
a923-45b7-gh12-7253,relax
a923-45b7-gh12-7282,relax
a923-45b7-gh12-9367,relax
a923-45b7-gh12-477,relax
a923-45b7-gh12-5093,relax
a923-45b7-gh12-5255,relax
a923-45b7-gh12-2331,relax
a923-45b7-gh12-7199,relax
a923-45b7-gh12-6854,relax
a923-45b7-gh12-9119,relax
a923-45b7-gh12-7812,relax
a923-45b7-gh12-7281,relax
a923-45b7-gh12-2444,relax
a923-45b7-gh12-2908,relax
a923-45b7-gh12-4649,relax
a923-45b7-gh12-8186,relax
a923-45b7-gh12-8845,relax
a923-45b7-gh12-2089,relax
a923-45b7-gh12-1295,relax
a923-45b7-gh12-8996,relax
a923-45b7-gh12-1267,relax
a923-45b7-gh12-8808,relax
a923-45b7-gh12-6832,relax
a923-45b7-gh12-9135,relax
a923-45b7-gh12-1273,relax
a923-45b7-gh12-469,relax
a923-45b7-gh12-4011,relax
a923-45b7-gh12-3400,relax
a923-45b7-gh12-2618,relax
a923-45b7-gh12-9865,relax
a923-45b7-gh12-4714,relax
a923-45b7-gh12-4646,relax
a923-45b7-gh12-9449,relax
a923-45b7-gh12-8136,relax
a923-45b7-gh12-8410,relax
a923-45b7-gh12-6404,relax
a923-45b7-gh12-8728,relax
a923-45b7-gh12-9600,relax
a923-45b7-gh12-9664,relax
a923-45b7-gh12-4732,relax
a923-45b7-gh12-462,relax
a923-45b7-gh12-959,relax
a923-45b7-gh12-4813,relax
a923-45b7-gh12-7826,relax
a923-45b7-gh12-9813,relax
a923-45b7-gh12-37,relax
a923-45b7-gh12-8915,relax
a923-45b7-gh12-3330,relax
a923-45b7-gh12-9775,relax
a923-45b7-gh12-5761,relax
a923-45b7-gh12-6922,relax
a923-45b7-gh12-1,relax
a923-45b7-gh12-8210,relax
a923-45b7-gh12-9795,relax
a923-45b7-gh12-4669,relax
a923-45b7-gh12-415,relax
a923-45b7-gh12-4296,relax
a923-45b7-gh12-3628,relax
a923-45b7-gh12-3601,relax
a923-45b7-gh12-9542,relax
a923-45b7-gh12-9929,relax
a923-45b7-gh12-7534,relax
a923-45b7-gh12-1185,relax
a923-45b7-gh12-7017,relax
a923-45b7-gh12-831,relax
a923-45b7-gh12-6059,relax
a923-45b7-gh12-1410,relax
a923-45b7-gh12-7334,relax
a923-45b7-gh12-3012,relax
a923-45b7-gh12-3460,relax
a923-45b7-gh12-9983,relax
a923-45b7-gh12-2866,relax
a923-45b7-gh12-5899,relax
a923-45b7-gh12-2685,relax
a923-45b7-gh12-6230,relax
a923-45b7-gh12-8456,relax
a923-45b7-gh12-1394,relax
a923-45b7-gh12-5409,relax
a923-45b7-gh12-5138,relax
a923-45b7-gh12-7538,relax
a923-45b7-gh12-6838,relax
a923-45b7-gh12-8801,relax
a923-45b7-gh12-51,relax
a923-45b7-gh12-8084,relax
a923-45b7-gh12-1847,relax
a923-45b7-gh12-6452,relax
a923-45b7-gh12-8284,relax
a923-45b7-gh12-3953,relax
a923-45b7-gh12-8385,relax
a923-45b7-gh12-4188,relax
a923-45b7-gh12-9641,relax
a923-45b7-gh12-9228,relax
a923-45b7-gh12-9385,relax
a923-45b7-gh12-7222,relax
a923-45b7-gh12-3329,relax
a923-45b7-gh12-136,relax
a923-45b7-gh12-803,relax
a923-45b7-gh12-1223,relax
a923-45b7-gh12-7289,gaming
a923-45b7-gh12-8899,gaming
a923-45b7-gh12-3320,gaming
a923-45b7-gh12-7116,gaming
a923-45b7-gh12-9071,gaming
a923-45b7-gh12-5401,gaming
a923-45b7-gh12-1050,gaming
a923-45b7-gh12-2866,gaming
a923-45b7-gh12-341,gaming
a923-45b7-gh12-128,gaming
a923-45b7-gh12-882,gaming
a923-45b7-gh12-317,gaming
a923-45b7-gh12-4675,gaming
a923-45b7-gh12-156,gaming
a923-45b7-gh12-5165,gaming
a923-45b7-gh12-7478,gaming
a923-45b7-gh12-7187,gaming
a923-45b7-gh12-327,gaming
a923-45b7-gh12-2175,gaming
a923-45b7-gh12-3707,gaming
a923-45b7-gh12-3403,gaming
a923-45b7-gh12-5573,gaming
a923-45b7-gh12-8761,gaming
a923-45b7-gh12-145,gaming
a923-45b7-gh12-9910,gaming
a923-45b7-gh12-1045,gaming
a923-45b7-gh12-8571,gaming
a923-45b7-gh12-1893,gaming
a923-45b7-gh12-1,gaming
a923-45b7-gh12-1930,gaming
a923-45b7-gh12-3118,gaming
a923-45b7-gh12-717,gaming
a923-45b7-gh12-858,gaming
a923-45b7-gh12-6076,gaming
a923-45b7-gh12-8353,gaming
a923-45b7-gh12-8832,gaming
a923-45b7-gh12-7485,gaming
a923-45b7-gh12-1877,gaming
a923-45b7-gh12-5288,gaming
a923-45b7-gh12-6969,gaming
a923-45b7-gh12-9413,gaming
a923-45b7-gh12-2704,gaming
a923-45b7-gh12-1459,gaming
a923-45b7-gh12-3878,gaming
a923-45b7-gh12-2137,gaming
a923-45b7-gh12-5272,gaming
a923-45b7-gh12-7733,gaming
a923-45b7-gh12-9646,gaming
a923-45b7-gh12-6415,gaming
a923-45b7-gh12-4367,gaming
a923-45b7-gh12-1829,gaming
a923-45b7-gh12-4460,gaming
a923-45b7-gh12-2720,gaming
a923-45b7-gh12-7590,gaming
a923-45b7-gh12-734,gaming
a923-45b7-gh12-735,gaming
a923-45b7-gh12-3041,gaming
a923-45b7-gh12-253,gaming
a923-45b7-gh12-8113,gaming
a923-45b7-gh12-2716,gaming
a923-45b7-gh12-747,gaming
a923-45b7-gh12-6438,gaming
a923-45b7-gh12-1496,gaming
a923-45b7-gh12-6455,gaming
a923-45b7-gh12-829,gaming
a923-45b7-gh12-9139,gaming
a923-45b7-gh12-9297,gaming
a923-45b7-gh12-2842,gaming
a923-45b7-gh12-4028,gaming
a923-45b7-gh12-1284,gaming
a923-45b7-gh12-3923,gaming
a923-45b7-gh12-9359,gaming
a923-45b7-gh12-9733,gaming
a923-45b7-gh12-7743,gaming
a923-45b7-gh12-592,gaming
a923-45b7-gh12-9649,gaming
a923-45b7-gh12-1251,gaming
a923-45b7-gh12-4797,gaming
a923-45b7-gh12-5287,gaming
a923-45b7-gh12-3978,gaming
a923-45b7-gh12-7145,gaming
a923-45b7-gh12-9970,gaming
a923-45b7-gh12-7697,gaming
a923-45b7-gh12-2360,gaming
a923-45b7-gh12-8520,gaming
a923-45b7-gh12-8578,gaming
a923-45b7-gh12-3156,gaming
a923-45b7-gh12-5777,gaming
a923-45b7-gh12-5978,gaming
a923-45b7-gh12-8547,gaming
a923-45b7-gh12-6085,gaming
a923-45b7-gh12-1889,gaming
a923-45b7-gh12-4796,gaming
a923-45b7-gh12-6405,gaming
a923-45b7-gh12-5855,gaming
a923-45b7-gh12-2108,gaming
a923-45b7-gh12-4615,gaming
a923-45b7-gh12-8026,gaming
a923-45b7-gh12-5255,gaming
a923-45b7-gh12-7459,gaming
a923-45b7-gh12-2049,gaming
a923-45b7-gh12-4598,gaming
a923-45b7-gh12-4234,gaming
a923-45b7-gh12-8556,gaming
a923-45b7-gh12-4283,gaming
a923-45b7-gh12-9177,gaming
a923-45b7-gh12-3232,gaming
a923-45b7-gh12-3454,gaming
a923-45b7-gh12-3972,gaming
a923-45b7-gh12-5168,gaming
a923-45b7-gh12-3787,gaming
a923-45b7-gh12-9740,gaming
a923-45b7-gh12-5818,gaming
a923-45b7-gh12-7621,gaming
a923-45b7-gh12-9474,gaming
a923-45b7-gh12-1115,gaming
a923-45b7-gh12-9075,gaming
a923-45b7-gh12-1827,gaming
a923-45b7-gh12-5364,gaming
a923-45b7-gh12-2865,gaming
a923-45b7-gh12-3795,gaming
a923-45b7-gh12-8531,gaming
a923-45b7-gh12-6960,gaming
a923-45b7-gh12-5362,gaming
a923-45b7-gh12-9426,gaming
a923-45b7-gh12-6250,gaming
a923-45b7-gh12-1708,gaming
a923-45b7-gh12-4607,gaming
a923-45b7-gh12-9210,gaming
a923-45b7-gh12-3510,gaming
a923-45b7-gh12-1847,gaming
a923-45b7-gh12-8004,gaming
a923-45b7-gh12-194,gaming
a923-45b7-gh12-6599,gaming
a923-45b7-gh12-562,gaming
a923-45b7-gh12-5922,gaming
a923-45b7-gh12-2695,gaming
a923-45b7-gh12-7612,gaming
a923-45b7-gh12-7408,gaming
a923-45b7-gh12-7584,gaming
a923-45b7-gh12-462,gaming
a923-45b7-gh12-5468,gaming
a923-45b7-gh12-8890,gaming
a923-45b7-gh12-7518,gaming
a923-45b7-gh12-5561,gaming
a923-45b7-gh12-307,gaming
a923-45b7-gh12-6082,gaming
a923-45b7-gh12-5065,gaming
a923-45b7-gh12-3660,gaming
a923-45b7-gh12-9718,gaming
a923-45b7-gh12-5379,gaming
a923-45b7-gh12-6260,gaming
a923-45b7-gh12-6231,gaming
a923-45b7-gh12-5109,gaming
a923-45b7-gh12-104,gaming
a923-45b7-gh12-2949,gaming
a923-45b7-gh12-7594,gaming
a923-45b7-gh12-9493,gaming
a923-45b7-gh12-6697,gaming
a923-45b7-gh12-6849,gaming
a923-45b7-gh12-7168,gaming
a923-45b7-gh12-527,gaming
a923-45b7-gh12-3686,gaming
a923-45b7-gh12-3136,gaming
a923-45b7-gh12-2837,gaming
a923-45b7-gh12-9998,gaming
a923-45b7-gh12-3355,gaming
a923-45b7-gh12-9635,gaming
a923-45b7-gh12-8590,gaming
a923-45b7-gh12-4992,gaming
a923-45b7-gh12-4855,gaming
a923-45b7-gh12-162,gaming
a923-45b7-gh12-7688,gaming
a923-45b7-gh12-1806,gaming
a923-45b7-gh12-8451,gaming
a923-45b7-gh12-1956,gaming
a923-45b7-gh12-5508,gaming
a923-45b7-gh12-1689,gaming
a923-45b7-gh12-3851,gaming
a923-45b7-gh12-8434,gaming
a923-45b7-gh12-3876,gaming
a923-45b7-gh12-6709,gaming
a923-45b7-gh12-665,gaming
a923-45b7-gh12-3242,gaming
a923-45b7-gh12-5172,gaming
a923-45b7-gh12-3358,gaming
a923-45b7-gh12-8967,gaming
a923-45b7-gh12-2854,gaming
a923-45b7-gh12-7645,gaming
a923-45b7-gh12-5747,gaming
a923-45b7-gh12-1619,gaming
a923-45b7-gh12-8036,gaming
a923-45b7-gh12-7054,gaming
a923-45b7-gh12-3030,gaming
a923-45b7-gh12-5746,gaming
a923-45b7-gh12-7383,gaming
a923-45b7-gh12-7840,gaming
a923-45b7-gh12-2082,gaming
a923-45b7-gh12-7689,gaming
a923-45b7-gh12-4415,gaming
a923-45b7-gh12-225,gaming
a923-45b7-gh12-697,gaming
a923-45b7-gh12-4181,gaming
a923-45b7-gh12-8600,gaming
a923-45b7-gh12-5671,gaming
a923-45b7-gh12-6716,gaming
a923-45b7-gh12-1372,gaming
a923-45b7-gh12-1386,gaming
a923-45b7-gh12-7163,gaming
a923-45b7-gh12-2225,gaming
a923-45b7-gh12-801,gaming
a923-45b7-gh12-8368,gaming
a923-45b7-gh12-9355,gaming
a923-45b7-gh12-6776,gaming
a923-45b7-gh12-3852,gaming
a923-45b7-gh12-2198,gaming
a923-45b7-gh12-2252,gaming
a923-45b7-gh12-9569,gaming
a923-45b7-gh12-6606,gaming
a923-45b7-gh12-8670,gaming
a923-45b7-gh12-3087,gaming
a923-45b7-gh12-7688,gaming
a923-45b7-gh12-1104,gaming
a923-45b7-gh12-3017,gaming
a923-45b7-gh12-8003,gaming
a923-45b7-gh12-1148,gaming
a923-45b7-gh12-7495,gaming
a923-45b7-gh12-3358,gaming
a923-45b7-gh12-6229,gaming
a923-45b7-gh12-1590,gaming
a923-45b7-gh12-336,gaming
a923-45b7-gh12-7840,gaming
a923-45b7-gh12-2964,gaming
a923-45b7-gh12-5760,gaming
a923-45b7-gh12-4163,gaming
a923-45b7-gh12-1873,gaming
a923-45b7-gh12-8321,gaming
a923-45b7-gh12-1430,gaming
a923-45b7-gh12-4141,gaming
a923-45b7-gh12-5317,gaming
a923-45b7-gh12-9896,gaming
a923-45b7-gh12-782,gaming
a923-45b7-gh12-4586,gaming
a923-45b7-gh12-5879,gaming
a923-45b7-gh12-5182,gaming
a923-45b7-gh12-648,gaming
a923-45b7-gh12-7620,gaming
a923-45b7-gh12-6540,gaming
a923-45b7-gh12-4020,gaming
a923-45b7-gh12-5942,gaming
a923-45b7-gh12-3375,gaming
a923-45b7-gh12-7010,gaming
a923-45b7-gh12-447,gaming
a923-45b7-gh12-5002,gaming
a923-45b7-gh12-2346,gaming
a923-45b7-gh12-1065,gaming
a923-45b7-gh12-9999,gaming
a923-45b7-gh12-885,gaming
a923-45b7-gh12-4653,gaming
a923-45b7-gh12-7152,gaming
a923-45b7-gh12-5201,gaming
a923-45b7-gh12-7522,gaming
a923-45b7-gh12-279,gaming
a923-45b7-gh12-492,gaming
a923-45b7-gh12-2588,gaming
a923-45b7-gh12-601,gaming
a923-45b7-gh12-7744,gaming
a923-45b7-gh12-8242,gaming
a923-45b7-gh12-3111,gaming
a923-45b7-gh12-517,gaming
a923-45b7-gh12-8087,gaming
a923-45b7-gh12-8579,gaming
a923-45b7-gh12-932,gaming
a923-45b7-gh12-1356,gaming
a923-45b7-gh12-7618,gaming
a923-45b7-gh12-3379,gaming
a923-45b7-gh12-685,gaming
a923-45b7-gh12-8163,gaming
a923-45b7-gh12-2165,gaming
a923-45b7-gh12-4202,gaming
