UUID,VAR2
a923-45b7-gh12-166,slippery
a923-45b7-gh12-7236,slippery
a923-45b7-gh12-3560,slippery
a923-45b7-gh12-4000,slippery
a923-45b7-gh12-7772,slippery
a923-45b7-gh12-2354,slippery
a923-45b7-gh12-5583,slippery
a923-45b7-gh12-2485,slippery
a923-45b7-gh12-6507,slippery
a923-45b7-gh12-8581,slippery
a923-45b7-gh12-2019,slippery
a923-45b7-gh12-5705,slippery
a923-45b7-gh12-2693,slippery
a923-45b7-gh12-438,slippery
a923-45b7-gh12-2048,slippery
a923-45b7-gh12-573,slippery
a923-45b7-gh12-6305,slippery
a923-45b7-gh12-8349,slippery
a923-45b7-gh12-3836,slippery
a923-45b7-gh12-7951,slippery
a923-45b7-gh12-3777,slippery
a923-45b7-gh12-8232,slippery
a923-45b7-gh12-9694,slippery
a923-45b7-gh12-9257,slippery
a923-45b7-gh12-1553,slippery
a923-45b7-gh12-7663,slippery
a923-45b7-gh12-9228,slippery
a923-45b7-gh12-3671,slippery
a923-45b7-gh12-228,slippery
a923-45b7-gh12-2882,slippery
a923-45b7-gh12-893,slippery
a923-45b7-gh12-48,slippery
a923-45b7-gh12-3696,slippery
a923-45b7-gh12-8061,slippery
a923-45b7-gh12-3625,slippery
a923-45b7-gh12-4519,slippery
a923-45b7-gh12-9068,slippery
a923-45b7-gh12-5554,slippery
a923-45b7-gh12-4874,slippery
a923-45b7-gh12-7729,slippery
a923-45b7-gh12-1550,slippery
a923-45b7-gh12-6784,slippery
a923-45b7-gh12-7307,slippery
a923-45b7-gh12-1348,slippery
a923-45b7-gh12-6001,slippery
a923-45b7-gh12-3452,slippery
a923-45b7-gh12-8722,slippery
a923-45b7-gh12-7301,slippery
a923-45b7-gh12-3789,slippery
a923-45b7-gh12-5783,slippery
a923-45b7-gh12-4609,slippery
a923-45b7-gh12-3575,slippery
a923-45b7-gh12-9966,slippery
a923-45b7-gh12-4627,slippery
a923-45b7-gh12-4315,slippery
a923-45b7-gh12-7281,slippery
a923-45b7-gh12-6628,plain
a923-45b7-gh12-6139,plain
a923-45b7-gh12-6782,plain
a923-45b7-gh12-6397,plain
a923-45b7-gh12-7326,plain
a923-45b7-gh12-8471,plain
a923-45b7-gh12-2268,plain
a923-45b7-gh12-3220,plain
a923-45b7-gh12-3491,plain
a923-45b7-gh12-167,plain
a923-45b7-gh12-1473,plain
a923-45b7-gh12-3518,plain
a923-45b7-gh12-4974,plain
a923-45b7-gh12-9345,plain
a923-45b7-gh12-9261,plain
a923-45b7-gh12-1015,plain
a923-45b7-gh12-1977,plain
a923-45b7-gh12-8873,plain
a923-45b7-gh12-1617,plain
a923-45b7-gh12-962,plain
a923-45b7-gh12-2993,plain
a923-45b7-gh12-4570,plain
a923-45b7-gh12-6533,plain
a923-45b7-gh12-9444,plain
a923-45b7-gh12-8050,plain
a923-45b7-gh12-9412,plain
a923-45b7-gh12-5519,plain
a923-45b7-gh12-5757,plain
a923-45b7-gh12-8242,plain
a923-45b7-gh12-7691,plain
a923-45b7-gh12-8091,plain
a923-45b7-gh12-4796,plain
a923-45b7-gh12-6316,plain
a923-45b7-gh12-7997,plain
a923-45b7-gh12-798,plain
a923-45b7-gh12-3162,plain
a923-45b7-gh12-3019,plain
a923-45b7-gh12-8279,plain
a923-45b7-gh12-258,plain
a923-45b7-gh12-7686,plain
a923-45b7-gh12-8255,plain
a923-45b7-gh12-1574,plain
a923-45b7-gh12-8841,plain
a923-45b7-gh12-8091,plain
a923-45b7-gh12-8608,plain
a923-45b7-gh12-344,plain
a923-45b7-gh12-7775,plain
a923-45b7-gh12-1121,plain
a923-45b7-gh12-928,plain
a923-45b7-gh12-6795,plain
a923-45b7-gh12-3167,plain
a923-45b7-gh12-4190,plain
a923-45b7-gh12-8742,plain
a923-45b7-gh12-4610,plain
a923-45b7-gh12-4751,plain
a923-45b7-gh12-7909,plain
a923-45b7-gh12-7742,slope
a923-45b7-gh12-6554,slope
a923-45b7-gh12-3126,slope
a923-45b7-gh12-4671,slope
a923-45b7-gh12-7661,slope
a923-45b7-gh12-3892,slope
a923-45b7-gh12-4330,slope
a923-45b7-gh12-5808,slope
a923-45b7-gh12-5889,slope
a923-45b7-gh12-222,slope
a923-45b7-gh12-2022,slope
a923-45b7-gh12-6984,slope
a923-45b7-gh12-4456,slope
a923-45b7-gh12-6014,slope
a923-45b7-gh12-4367,slope
a923-45b7-gh12-742,slope
a923-45b7-gh12-7353,slope
a923-45b7-gh12-6120,slope
a923-45b7-gh12-6447,slope
a923-45b7-gh12-1010,slope
a923-45b7-gh12-7779,slope
a923-45b7-gh12-5486,slope
a923-45b7-gh12-9064,slope
a923-45b7-gh12-7942,slope
a923-45b7-gh12-7901,slope
a923-45b7-gh12-9925,slope
a923-45b7-gh12-5070,slope
a923-45b7-gh12-2204,slope
a923-45b7-gh12-4916,slope
a923-45b7-gh12-8653,slope
a923-45b7-gh12-5093,slope
a923-45b7-gh12-8239,slope
a923-45b7-gh12-9432,slope
a923-45b7-gh12-3356,slope
a923-45b7-gh12-6666,slope
a923-45b7-gh12-4287,slope
a923-45b7-gh12-1909,slope
a923-45b7-gh12-3546,slope
a923-45b7-gh12-2707,slope
a923-45b7-gh12-9763,slope
a923-45b7-gh12-6523,slope
a923-45b7-gh12-6954,slope
a923-45b7-gh12-732,slope
a923-45b7-gh12-8049,slope
a923-45b7-gh12-1881,slope
a923-45b7-gh12-156,slope
a923-45b7-gh12-9633,slope
a923-45b7-gh12-4457,slope
a923-45b7-gh12-3834,slope
a923-45b7-gh12-3867,slope
a923-45b7-gh12-1591,slope
a923-45b7-gh12-8972,slope
a923-45b7-gh12-9850,slope
a923-45b7-gh12-3144,slope
a923-45b7-gh12-2682,slope
a923-45b7-gh12-7222,slope
a923-45b7-gh12-7193,house
a923-45b7-gh12-5965,house
a923-45b7-gh12-695,house
a923-45b7-gh12-6422,house
a923-45b7-gh12-7348,house
a923-45b7-gh12-344,house
a923-45b7-gh12-5673,house
a923-45b7-gh12-2368,house
a923-45b7-gh12-9722,house
a923-45b7-gh12-3422,house
a923-45b7-gh12-2138,house
a923-45b7-gh12-2408,house
a923-45b7-gh12-3959,house
a923-45b7-gh12-2920,house
a923-45b7-gh12-5596,house
a923-45b7-gh12-342,house
a923-45b7-gh12-5010,house
a923-45b7-gh12-8394,house
a923-45b7-gh12-6566,house
a923-45b7-gh12-3222,house
a923-45b7-gh12-8246,house
a923-45b7-gh12-5524,house
a923-45b7-gh12-7332,house
a923-45b7-gh12-7340,house
a923-45b7-gh12-9053,house
a923-45b7-gh12-8574,house
a923-45b7-gh12-276,house
a923-45b7-gh12-4131,house
a923-45b7-gh12-6731,house
a923-45b7-gh12-7913,house
a923-45b7-gh12-2539,house
a923-45b7-gh12-5674,house
a923-45b7-gh12-7220,house
a923-45b7-gh12-207,house
a923-45b7-gh12-2406,house
a923-45b7-gh12-6858,house
a923-45b7-gh12-4384,house
a923-45b7-gh12-5453,house
a923-45b7-gh12-9577,house
a923-45b7-gh12-5320,house
a923-45b7-gh12-4587,house
a923-45b7-gh12-1529,house
a923-45b7-gh12-5274,house
a923-45b7-gh12-4009,house
a923-45b7-gh12-859,house
a923-45b7-gh12-2874,house
a923-45b7-gh12-7796,house
a923-45b7-gh12-1113,house
a923-45b7-gh12-2831,house
a923-45b7-gh12-871,house
a923-45b7-gh12-1010,house
a923-45b7-gh12-2354,house
a923-45b7-gh12-6945,house
a923-45b7-gh12-152,house
a923-45b7-gh12-9185,house
a923-45b7-gh12-5969,house
a923-45b7-gh12-1066,track
a923-45b7-gh12-642,track
a923-45b7-gh12-398,track
a923-45b7-gh12-2862,track
a923-45b7-gh12-6772,track
a923-45b7-gh12-836,track
a923-45b7-gh12-9850,track
a923-45b7-gh12-3965,track
a923-45b7-gh12-5417,track
a923-45b7-gh12-3818,track
a923-45b7-gh12-6754,track
a923-45b7-gh12-2807,track
a923-45b7-gh12-2664,track
a923-45b7-gh12-6579,track
a923-45b7-gh12-2449,track
a923-45b7-gh12-7437,track
a923-45b7-gh12-6705,track
a923-45b7-gh12-6105,track
a923-45b7-gh12-4209,track
a923-45b7-gh12-4002,track
a923-45b7-gh12-3790,track
a923-45b7-gh12-3561,track
a923-45b7-gh12-8543,track
a923-45b7-gh12-7431,track
a923-45b7-gh12-5402,track
a923-45b7-gh12-1319,track
a923-45b7-gh12-9731,track
a923-45b7-gh12-5634,track
a923-45b7-gh12-5708,track
a923-45b7-gh12-6018,track
a923-45b7-gh12-7264,track
a923-45b7-gh12-7873,track
a923-45b7-gh12-4888,track
a923-45b7-gh12-1600,track
a923-45b7-gh12-9333,track
a923-45b7-gh12-25,track
a923-45b7-gh12-9340,track
a923-45b7-gh12-804,track
a923-45b7-gh12-5500,track
a923-45b7-gh12-8817,track
a923-45b7-gh12-7675,track
a923-45b7-gh12-2419,track
a923-45b7-gh12-1508,track
a923-45b7-gh12-2959,track
a923-45b7-gh12-4230,track
a923-45b7-gh12-47,track
a923-45b7-gh12-4641,track
a923-45b7-gh12-3187,track
a923-45b7-gh12-4826,track
a923-45b7-gh12-6467,track
a923-45b7-gh12-9210,track
a923-45b7-gh12-2535,track
a923-45b7-gh12-586,track
a923-45b7-gh12-1143,track
a923-45b7-gh12-3178,track
a923-45b7-gh12-7295,track
a923-45b7-gh12-4347,slippery
a923-45b7-gh12-9551,slippery
a923-45b7-gh12-5829,slippery
a923-45b7-gh12-9468,slippery
a923-45b7-gh12-9046,slippery
a923-45b7-gh12-78,slippery
a923-45b7-gh12-9148,slippery
a923-45b7-gh12-7027,slippery
a923-45b7-gh12-9821,slippery
a923-45b7-gh12-8133,slippery
a923-45b7-gh12-9427,slippery
a923-45b7-gh12-8228,slippery
a923-45b7-gh12-5796,slippery
a923-45b7-gh12-6470,slippery
a923-45b7-gh12-6516,slippery
a923-45b7-gh12-303,slippery
a923-45b7-gh12-5400,slippery
a923-45b7-gh12-1004,slippery
a923-45b7-gh12-9766,slippery
a923-45b7-gh12-476,slippery
a923-45b7-gh12-1863,slippery
a923-45b7-gh12-7045,slippery
a923-45b7-gh12-628,slippery
a923-45b7-gh12-5333,slippery
a923-45b7-gh12-8761,slippery
a923-45b7-gh12-4092,slippery
a923-45b7-gh12-3166,slippery
a923-45b7-gh12-8968,slippery
a923-45b7-gh12-5974,slippery
a923-45b7-gh12-8487,slippery
a923-45b7-gh12-2397,slippery
a923-45b7-gh12-4037,slippery
a923-45b7-gh12-8536,slippery
a923-45b7-gh12-9861,slippery
a923-45b7-gh12-173,slippery
a923-45b7-gh12-2560,slippery
a923-45b7-gh12-1143,slippery
a923-45b7-gh12-8315,slippery
a923-45b7-gh12-7828,slippery
a923-45b7-gh12-5292,slippery
a923-45b7-gh12-7449,slippery
a923-45b7-gh12-7335,slippery
a923-45b7-gh12-3888,slippery
a923-45b7-gh12-6734,slippery
a923-45b7-gh12-7943,slippery
a923-45b7-gh12-8244,slippery
a923-45b7-gh12-1141,slippery
a923-45b7-gh12-4061,slippery
a923-45b7-gh12-8287,slippery
a923-45b7-gh12-9967,slippery
a923-45b7-gh12-4897,slippery
a923-45b7-gh12-4024,slippery
a923-45b7-gh12-5829,slippery
a923-45b7-gh12-6303,slippery
a923-45b7-gh12-4670,slippery
a923-45b7-gh12-5590,slippery
a923-45b7-gh12-26,plain
a923-45b7-gh12-1070,plain
a923-45b7-gh12-3182,plain
a923-45b7-gh12-8397,plain
a923-45b7-gh12-5057,plain
a923-45b7-gh12-3178,plain
a923-45b7-gh12-3453,plain
a923-45b7-gh12-8765,plain
a923-45b7-gh12-525,plain
a923-45b7-gh12-750,plain
a923-45b7-gh12-1265,plain
a923-45b7-gh12-8183,plain
a923-45b7-gh12-5071,plain
a923-45b7-gh12-5409,plain
a923-45b7-gh12-7349,plain
a923-45b7-gh12-8677,plain
a923-45b7-gh12-4190,plain
a923-45b7-gh12-3923,plain
a923-45b7-gh12-1038,plain
a923-45b7-gh12-9327,plain
a923-45b7-gh12-3160,plain
a923-45b7-gh12-2964,plain
a923-45b7-gh12-8548,plain
a923-45b7-gh12-9748,plain
a923-45b7-gh12-1940,plain
a923-45b7-gh12-3705,plain
a923-45b7-gh12-8909,plain
a923-45b7-gh12-9344,plain
a923-45b7-gh12-1624,plain
a923-45b7-gh12-4833,plain
a923-45b7-gh12-7638,plain
a923-45b7-gh12-4441,plain
a923-45b7-gh12-2822,plain
a923-45b7-gh12-7155,plain
a923-45b7-gh12-8289,plain
a923-45b7-gh12-4640,plain
a923-45b7-gh12-5301,plain
a923-45b7-gh12-7168,plain
a923-45b7-gh12-2336,plain
a923-45b7-gh12-2322,plain
a923-45b7-gh12-8991,plain
a923-45b7-gh12-3714,plain
a923-45b7-gh12-1345,plain
a923-45b7-gh12-5088,plain
a923-45b7-gh12-2379,plain
a923-45b7-gh12-3454,plain
a923-45b7-gh12-4729,plain
a923-45b7-gh12-6931,plain
a923-45b7-gh12-6213,plain
a923-45b7-gh12-3560,plain
a923-45b7-gh12-993,plain
a923-45b7-gh12-6845,plain
a923-45b7-gh12-6827,plain
a923-45b7-gh12-4513,plain
a923-45b7-gh12-6031,plain
a923-45b7-gh12-5748,plain
a923-45b7-gh12-917,slope
a923-45b7-gh12-9950,slope
a923-45b7-gh12-1897,slope
a923-45b7-gh12-381,slope
a923-45b7-gh12-2233,slope
a923-45b7-gh12-8855,slope
a923-45b7-gh12-3833,slope
a923-45b7-gh12-686,slope
a923-45b7-gh12-2482,slope
a923-45b7-gh12-3350,slope
a923-45b7-gh12-9380,slope
a923-45b7-gh12-5135,slope
a923-45b7-gh12-1915,slope
a923-45b7-gh12-3338,slope
a923-45b7-gh12-8577,slope
a923-45b7-gh12-5501,slope
a923-45b7-gh12-465,slope
a923-45b7-gh12-1024,slope
a923-45b7-gh12-7287,slope
a923-45b7-gh12-1308,slope
a923-45b7-gh12-9814,slope
a923-45b7-gh12-6216,slope
a923-45b7-gh12-449,slope
a923-45b7-gh12-3083,slope
a923-45b7-gh12-749,slope
a923-45b7-gh12-2177,slope
a923-45b7-gh12-3218,slope
a923-45b7-gh12-3833,slope
a923-45b7-gh12-2998,slope
a923-45b7-gh12-7070,slope
a923-45b7-gh12-5400,slope
a923-45b7-gh12-1116,slope
a923-45b7-gh12-7069,slope
a923-45b7-gh12-1094,slope
a923-45b7-gh12-4949,slope
a923-45b7-gh12-9343,slope
a923-45b7-gh12-7732,slope
a923-45b7-gh12-2104,slope
a923-45b7-gh12-1080,slope
a923-45b7-gh12-3535,slope
a923-45b7-gh12-5375,slope
a923-45b7-gh12-7038,slope
a923-45b7-gh12-3031,slope
a923-45b7-gh12-1136,slope
a923-45b7-gh12-4871,slope
a923-45b7-gh12-4143,slope
a923-45b7-gh12-2904,slope
a923-45b7-gh12-9577,slope
a923-45b7-gh12-2046,slope
a923-45b7-gh12-9307,slope
a923-45b7-gh12-8783,slope
a923-45b7-gh12-889,slope
a923-45b7-gh12-2983,slope
a923-45b7-gh12-7179,slope
a923-45b7-gh12-9924,slope
a923-45b7-gh12-8367,slope
a923-45b7-gh12-9742,house
a923-45b7-gh12-5844,house
a923-45b7-gh12-1971,house
a923-45b7-gh12-5130,house
a923-45b7-gh12-6167,house
a923-45b7-gh12-4338,house
a923-45b7-gh12-3371,house
a923-45b7-gh12-6404,house
a923-45b7-gh12-2870,house
a923-45b7-gh12-7435,house
a923-45b7-gh12-7998,house
a923-45b7-gh12-5199,house
a923-45b7-gh12-7722,house
a923-45b7-gh12-3878,house
a923-45b7-gh12-2953,house
a923-45b7-gh12-274,house
a923-45b7-gh12-9714,house
a923-45b7-gh12-588,house
a923-45b7-gh12-3429,house
a923-45b7-gh12-3347,house
a923-45b7-gh12-784,house
a923-45b7-gh12-8280,house
a923-45b7-gh12-7955,house
a923-45b7-gh12-3073,house
a923-45b7-gh12-1156,house
a923-45b7-gh12-6561,house
a923-45b7-gh12-9277,house
a923-45b7-gh12-4477,house
a923-45b7-gh12-3833,house
a923-45b7-gh12-2279,house
a923-45b7-gh12-8211,house
a923-45b7-gh12-6906,house
a923-45b7-gh12-1704,house
a923-45b7-gh12-6281,house
a923-45b7-gh12-3001,house
a923-45b7-gh12-8034,house
a923-45b7-gh12-3918,house
a923-45b7-gh12-3169,house
a923-45b7-gh12-7300,house
a923-45b7-gh12-7889,house
a923-45b7-gh12-577,house
a923-45b7-gh12-7586,house
a923-45b7-gh12-5869,house
a923-45b7-gh12-9181,house
a923-45b7-gh12-5712,house
a923-45b7-gh12-8495,house
a923-45b7-gh12-4290,house
a923-45b7-gh12-6075,house
a923-45b7-gh12-1741,house
a923-45b7-gh12-5150,house
a923-45b7-gh12-2540,house
a923-45b7-gh12-777,house
a923-45b7-gh12-6709,house
a923-45b7-gh12-6252,house
a923-45b7-gh12-6865,house
a923-45b7-gh12-9954,house
a923-45b7-gh12-3940,track
a923-45b7-gh12-2965,track
a923-45b7-gh12-4952,track
a923-45b7-gh12-5013,track
a923-45b7-gh12-6407,track
a923-45b7-gh12-7128,track
a923-45b7-gh12-4621,track
a923-45b7-gh12-4370,track
a923-45b7-gh12-2624,track
a923-45b7-gh12-1969,track
a923-45b7-gh12-5930,track
a923-45b7-gh12-9737,track
a923-45b7-gh12-1520,track
a923-45b7-gh12-4753,track
a923-45b7-gh12-8602,track
a923-45b7-gh12-7192,track
a923-45b7-gh12-5933,track
a923-45b7-gh12-6909,track
a923-45b7-gh12-4453,track
a923-45b7-gh12-6356,track
a923-45b7-gh12-1128,track
a923-45b7-gh12-9010,track
a923-45b7-gh12-3555,track
a923-45b7-gh12-2764,track
a923-45b7-gh12-1411,track
a923-45b7-gh12-1872,track
a923-45b7-gh12-2784,track
a923-45b7-gh12-4568,track
a923-45b7-gh12-5070,track
a923-45b7-gh12-269,track
a923-45b7-gh12-347,track
a923-45b7-gh12-1739,track
a923-45b7-gh12-4853,track
a923-45b7-gh12-8906,track
a923-45b7-gh12-6911,track
a923-45b7-gh12-3333,track
a923-45b7-gh12-7670,track
a923-45b7-gh12-6296,track
a923-45b7-gh12-6740,track
a923-45b7-gh12-309,track
a923-45b7-gh12-5277,track
a923-45b7-gh12-2224,track
a923-45b7-gh12-3963,track
a923-45b7-gh12-7920,track
a923-45b7-gh12-4266,track
a923-45b7-gh12-8386,track
a923-45b7-gh12-1417,track
a923-45b7-gh12-3333,track
a923-45b7-gh12-4482,track
a923-45b7-gh12-4422,track
a923-45b7-gh12-471,track
a923-45b7-gh12-5056,track
a923-45b7-gh12-5887,track
a923-45b7-gh12-9457,track
a923-45b7-gh12-6438,track
a923-45b7-gh12-7097,track
a923-45b7-gh12-9437,slippery
a923-45b7-gh12-7929,slippery
a923-45b7-gh12-3934,slippery
a923-45b7-gh12-7160,slippery
a923-45b7-gh12-9882,slippery
a923-45b7-gh12-5536,slippery
a923-45b7-gh12-5414,slippery
a923-45b7-gh12-6159,slippery
a923-45b7-gh12-9017,slippery
a923-45b7-gh12-9110,slippery
a923-45b7-gh12-3428,slippery
a923-45b7-gh12-6707,slippery
a923-45b7-gh12-9911,slippery
a923-45b7-gh12-8404,slippery
a923-45b7-gh12-3758,slippery
a923-45b7-gh12-681,slippery
a923-45b7-gh12-2102,slippery
a923-45b7-gh12-9497,slippery
a923-45b7-gh12-916,slippery
a923-45b7-gh12-7801,slippery
a923-45b7-gh12-5403,slippery
a923-45b7-gh12-9531,slippery
a923-45b7-gh12-555,slippery
a923-45b7-gh12-9463,slippery
a923-45b7-gh12-7921,slippery
a923-45b7-gh12-4266,slippery
a923-45b7-gh12-9900,slippery
a923-45b7-gh12-876,slippery
a923-45b7-gh12-3264,slippery
a923-45b7-gh12-836,slippery
a923-45b7-gh12-5057,slippery
a923-45b7-gh12-896,slippery
a923-45b7-gh12-4299,slippery
a923-45b7-gh12-2084,slippery
a923-45b7-gh12-4898,slippery
a923-45b7-gh12-938,slippery
a923-45b7-gh12-4566,slippery
a923-45b7-gh12-5798,slippery
a923-45b7-gh12-1807,slippery
a923-45b7-gh12-1781,slippery
a923-45b7-gh12-2259,slippery
a923-45b7-gh12-3617,slippery
a923-45b7-gh12-5181,slippery
a923-45b7-gh12-6374,slippery
a923-45b7-gh12-1319,slippery
a923-45b7-gh12-4209,slippery
a923-45b7-gh12-7974,slippery
a923-45b7-gh12-8881,slippery
a923-45b7-gh12-2397,slippery
a923-45b7-gh12-7665,slippery
a923-45b7-gh12-6807,slippery
a923-45b7-gh12-7406,slippery
a923-45b7-gh12-3728,slippery
a923-45b7-gh12-3757,slippery
a923-45b7-gh12-568,slippery
a923-45b7-gh12-3011,slippery
a923-45b7-gh12-688,plain
a923-45b7-gh12-1637,plain
a923-45b7-gh12-7570,plain
a923-45b7-gh12-8576,plain
a923-45b7-gh12-6095,plain
a923-45b7-gh12-6261,plain
a923-45b7-gh12-5120,plain
a923-45b7-gh12-596,plain
a923-45b7-gh12-8345,plain
a923-45b7-gh12-6538,plain
a923-45b7-gh12-1241,plain
a923-45b7-gh12-4128,plain
a923-45b7-gh12-7722,plain
a923-45b7-gh12-4546,plain
a923-45b7-gh12-2827,plain
a923-45b7-gh12-1921,plain
a923-45b7-gh12-8959,plain
a923-45b7-gh12-9533,plain
a923-45b7-gh12-6393,plain
a923-45b7-gh12-4941,plain
a923-45b7-gh12-473,plain
a923-45b7-gh12-340,plain
a923-45b7-gh12-7090,plain
a923-45b7-gh12-3581,plain
a923-45b7-gh12-7637,plain
a923-45b7-gh12-7590,plain
a923-45b7-gh12-732,plain
a923-45b7-gh12-6941,plain
a923-45b7-gh12-2371,plain
a923-45b7-gh12-3730,plain
a923-45b7-gh12-5870,plain
a923-45b7-gh12-9234,plain
a923-45b7-gh12-48,plain
a923-45b7-gh12-2533,plain
a923-45b7-gh12-4242,plain
a923-45b7-gh12-5510,plain
a923-45b7-gh12-4702,plain
a923-45b7-gh12-3568,plain
a923-45b7-gh12-4791,plain
a923-45b7-gh12-3709,plain
a923-45b7-gh12-4898,plain
a923-45b7-gh12-1182,plain
a923-45b7-gh12-1145,plain
a923-45b7-gh12-4940,plain
a923-45b7-gh12-6017,plain
a923-45b7-gh12-2998,plain
a923-45b7-gh12-7281,plain
a923-45b7-gh12-4695,plain
a923-45b7-gh12-6730,plain
a923-45b7-gh12-4058,plain
a923-45b7-gh12-6594,plain
a923-45b7-gh12-6674,plain
a923-45b7-gh12-4829,plain
a923-45b7-gh12-7193,plain
a923-45b7-gh12-6935,plain
a923-45b7-gh12-2552,plain
a923-45b7-gh12-5812,slope
a923-45b7-gh12-4346,slope
a923-45b7-gh12-4837,slope
a923-45b7-gh12-5091,slope
a923-45b7-gh12-808,slope
a923-45b7-gh12-8545,slope
a923-45b7-gh12-9951,slope
a923-45b7-gh12-2081,slope
a923-45b7-gh12-5161,slope
a923-45b7-gh12-8345,slope
a923-45b7-gh12-7184,slope
a923-45b7-gh12-3909,slope
a923-45b7-gh12-2644,slope
a923-45b7-gh12-6881,slope
a923-45b7-gh12-3794,slope
a923-45b7-gh12-9514,slope
a923-45b7-gh12-607,slope
a923-45b7-gh12-7647,slope
a923-45b7-gh12-4622,slope
a923-45b7-gh12-1916,slope
a923-45b7-gh12-2831,slope
a923-45b7-gh12-484,slope
a923-45b7-gh12-7395,slope
a923-45b7-gh12-7268,slope
a923-45b7-gh12-1215,slope
a923-45b7-gh12-6285,slope
a923-45b7-gh12-3605,slope
a923-45b7-gh12-1360,slope
a923-45b7-gh12-2194,slope
a923-45b7-gh12-5790,slope
a923-45b7-gh12-3838,slope
a923-45b7-gh12-3157,slope
a923-45b7-gh12-4776,slope
a923-45b7-gh12-950,slope
a923-45b7-gh12-229,slope
a923-45b7-gh12-6527,slope
a923-45b7-gh12-6887,slope
a923-45b7-gh12-8577,slope
a923-45b7-gh12-6190,slope
a923-45b7-gh12-6097,slope
a923-45b7-gh12-8519,slope
a923-45b7-gh12-2533,slope
a923-45b7-gh12-9554,slope
a923-45b7-gh12-375,slope
a923-45b7-gh12-7065,slope
a923-45b7-gh12-6129,slope
a923-45b7-gh12-5388,slope
a923-45b7-gh12-2735,slope
a923-45b7-gh12-9968,slope
a923-45b7-gh12-3288,slope
a923-45b7-gh12-8730,slope
a923-45b7-gh12-4905,slope
a923-45b7-gh12-3727,slope
a923-45b7-gh12-2012,slope
a923-45b7-gh12-7167,slope
a923-45b7-gh12-4526,slope
a923-45b7-gh12-8305,house
a923-45b7-gh12-1333,house
a923-45b7-gh12-7551,house
a923-45b7-gh12-8178,house
a923-45b7-gh12-9180,house
a923-45b7-gh12-8361,house
a923-45b7-gh12-784,house
a923-45b7-gh12-578,house
a923-45b7-gh12-1917,house
a923-45b7-gh12-8762,house
a923-45b7-gh12-3997,house
a923-45b7-gh12-1584,house
a923-45b7-gh12-6358,house
a923-45b7-gh12-7051,house
a923-45b7-gh12-8033,house
a923-45b7-gh12-409,house
a923-45b7-gh12-2439,house
a923-45b7-gh12-6395,house
a923-45b7-gh12-5256,house
a923-45b7-gh12-5830,house
a923-45b7-gh12-9227,house
a923-45b7-gh12-8667,house
a923-45b7-gh12-5958,house
a923-45b7-gh12-9082,house
a923-45b7-gh12-9694,house
a923-45b7-gh12-800,house
a923-45b7-gh12-608,house
a923-45b7-gh12-4891,house
a923-45b7-gh12-2602,house
a923-45b7-gh12-8697,house
a923-45b7-gh12-7886,house
a923-45b7-gh12-2557,house
a923-45b7-gh12-4351,house
a923-45b7-gh12-8632,house
a923-45b7-gh12-8305,house
a923-45b7-gh12-6451,house
a923-45b7-gh12-8134,house
a923-45b7-gh12-7398,house
a923-45b7-gh12-7622,house
a923-45b7-gh12-9204,house
a923-45b7-gh12-2837,house
a923-45b7-gh12-2715,house
a923-45b7-gh12-2813,house
a923-45b7-gh12-3390,house
a923-45b7-gh12-4765,house
a923-45b7-gh12-8407,house
a923-45b7-gh12-2057,house
a923-45b7-gh12-2943,house
a923-45b7-gh12-9316,house
a923-45b7-gh12-3285,house
a923-45b7-gh12-2336,house
a923-45b7-gh12-3179,house
a923-45b7-gh12-7231,house
a923-45b7-gh12-1260,house
a923-45b7-gh12-1310,house
a923-45b7-gh12-5164,house
a923-45b7-gh12-3343,track
a923-45b7-gh12-6007,track
a923-45b7-gh12-7525,track
a923-45b7-gh12-6297,track
a923-45b7-gh12-2160,track
a923-45b7-gh12-3197,track
a923-45b7-gh12-427,track
a923-45b7-gh12-5021,track
a923-45b7-gh12-3806,track
a923-45b7-gh12-6714,track
a923-45b7-gh12-3653,track
a923-45b7-gh12-2488,track
a923-45b7-gh12-9546,track
a923-45b7-gh12-8594,track
a923-45b7-gh12-6436,track
a923-45b7-gh12-8352,track
a923-45b7-gh12-2554,track
a923-45b7-gh12-4433,track
a923-45b7-gh12-2846,track
a923-45b7-gh12-1489,track
a923-45b7-gh12-8597,track
a923-45b7-gh12-4705,track
a923-45b7-gh12-4810,track
a923-45b7-gh12-5684,track
a923-45b7-gh12-7471,track
a923-45b7-gh12-2597,track
a923-45b7-gh12-1892,track
a923-45b7-gh12-4364,track
a923-45b7-gh12-5581,track
a923-45b7-gh12-5007,track
a923-45b7-gh12-3329,track
a923-45b7-gh12-5869,track
a923-45b7-gh12-8923,track
a923-45b7-gh12-7331,track
a923-45b7-gh12-6868,track
a923-45b7-gh12-1873,track
a923-45b7-gh12-3290,track
a923-45b7-gh12-3991,track
a923-45b7-gh12-1103,track
a923-45b7-gh12-6175,track
a923-45b7-gh12-623,track
a923-45b7-gh12-2643,track
a923-45b7-gh12-9463,track
a923-45b7-gh12-3224,track
a923-45b7-gh12-6222,track
a923-45b7-gh12-5622,track
a923-45b7-gh12-7040,track
a923-45b7-gh12-6495,track
a923-45b7-gh12-9420,track
a923-45b7-gh12-960,track
a923-45b7-gh12-330,track
a923-45b7-gh12-9189,track
a923-45b7-gh12-5631,track
a923-45b7-gh12-2351,track
a923-45b7-gh12-792,track
a923-45b7-gh12-462,track
a923-45b7-gh12-9621,slippery
a923-45b7-gh12-8049,slippery
a923-45b7-gh12-9231,slippery
a923-45b7-gh12-1348,slippery
a923-45b7-gh12-577,slippery
a923-45b7-gh12-4752,slippery
a923-45b7-gh12-2052,slippery
a923-45b7-gh12-8027,slippery
a923-45b7-gh12-9992,slippery
a923-45b7-gh12-4993,slippery
a923-45b7-gh12-9012,slippery
a923-45b7-gh12-8017,slippery
a923-45b7-gh12-2522,slippery
a923-45b7-gh12-8562,slippery
a923-45b7-gh12-7248,slippery
a923-45b7-gh12-7504,slippery
a923-45b7-gh12-7912,slippery
a923-45b7-gh12-9733,slippery
a923-45b7-gh12-9211,slippery
a923-45b7-gh12-1337,slippery
a923-45b7-gh12-6038,slippery
a923-45b7-gh12-6065,slippery
a923-45b7-gh12-9453,slippery
a923-45b7-gh12-6197,slippery
a923-45b7-gh12-8506,slippery
a923-45b7-gh12-6514,slippery
a923-45b7-gh12-8268,slippery
a923-45b7-gh12-9702,slippery
a923-45b7-gh12-7874,slippery
a923-45b7-gh12-4051,slippery
a923-45b7-gh12-1005,slippery
a923-45b7-gh12-2433,slippery
a923-45b7-gh12-6989,slippery
a923-45b7-gh12-9329,slippery
a923-45b7-gh12-5077,slippery
a923-45b7-gh12-8741,slippery
a923-45b7-gh12-4482,slippery
a923-45b7-gh12-7714,slippery
a923-45b7-gh12-6015,slippery
a923-45b7-gh12-7869,slippery
a923-45b7-gh12-2234,slippery
a923-45b7-gh12-7897,slippery
a923-45b7-gh12-8056,slippery
a923-45b7-gh12-7658,slippery
a923-45b7-gh12-5924,slippery
a923-45b7-gh12-573,slippery
a923-45b7-gh12-8296,slippery
a923-45b7-gh12-9920,slippery
a923-45b7-gh12-6925,slippery
a923-45b7-gh12-3113,slippery
a923-45b7-gh12-353,slippery
a923-45b7-gh12-4539,slippery
a923-45b7-gh12-656,slippery
a923-45b7-gh12-5461,slippery
a923-45b7-gh12-8284,slippery
a923-45b7-gh12-3118,slippery
a923-45b7-gh12-8245,plain
a923-45b7-gh12-6607,plain
a923-45b7-gh12-3617,plain
a923-45b7-gh12-9727,plain
a923-45b7-gh12-4907,plain
a923-45b7-gh12-6379,plain
a923-45b7-gh12-3554,plain
a923-45b7-gh12-7150,plain
a923-45b7-gh12-2603,plain
a923-45b7-gh12-8549,plain
a923-45b7-gh12-2909,plain
a923-45b7-gh12-8617,plain
a923-45b7-gh12-3549,plain
a923-45b7-gh12-6178,plain
a923-45b7-gh12-1873,plain
a923-45b7-gh12-8041,plain
a923-45b7-gh12-4413,plain
a923-45b7-gh12-1139,plain
a923-45b7-gh12-2051,plain
a923-45b7-gh12-8308,plain
a923-45b7-gh12-4587,plain
a923-45b7-gh12-694,plain
a923-45b7-gh12-9189,plain
a923-45b7-gh12-4590,plain
a923-45b7-gh12-9772,plain
a923-45b7-gh12-429,plain
a923-45b7-gh12-7568,plain
a923-45b7-gh12-6190,plain
a923-45b7-gh12-8025,plain
a923-45b7-gh12-7844,plain
a923-45b7-gh12-8029,plain
a923-45b7-gh12-5321,plain
a923-45b7-gh12-5191,plain
a923-45b7-gh12-3638,plain
a923-45b7-gh12-5393,plain
a923-45b7-gh12-8187,plain
a923-45b7-gh12-267,plain
a923-45b7-gh12-7507,plain
a923-45b7-gh12-5271,plain
a923-45b7-gh12-3891,plain
a923-45b7-gh12-6246,plain
a923-45b7-gh12-3544,plain
a923-45b7-gh12-5605,plain
a923-45b7-gh12-6777,plain
a923-45b7-gh12-7783,plain
a923-45b7-gh12-2791,plain
a923-45b7-gh12-5581,plain
a923-45b7-gh12-6006,plain
a923-45b7-gh12-1810,plain
a923-45b7-gh12-5454,plain
a923-45b7-gh12-9872,plain
a923-45b7-gh12-8799,plain
a923-45b7-gh12-7296,plain
a923-45b7-gh12-5202,plain
a923-45b7-gh12-2044,plain
a923-45b7-gh12-5819,plain
a923-45b7-gh12-1543,slope
a923-45b7-gh12-2871,slope
a923-45b7-gh12-1154,slope
a923-45b7-gh12-3494,slope
a923-45b7-gh12-212,slope
a923-45b7-gh12-6019,slope
a923-45b7-gh12-4343,slope
a923-45b7-gh12-2044,slope
a923-45b7-gh12-5198,slope
a923-45b7-gh12-7817,slope
a923-45b7-gh12-1291,slope
a923-45b7-gh12-792,slope
a923-45b7-gh12-3508,slope
a923-45b7-gh12-9867,slope
a923-45b7-gh12-2685,slope
a923-45b7-gh12-9757,slope
a923-45b7-gh12-4077,slope
a923-45b7-gh12-9223,slope
a923-45b7-gh12-516,slope
a923-45b7-gh12-5172,slope
a923-45b7-gh12-4614,slope
a923-45b7-gh12-3040,slope
a923-45b7-gh12-8259,slope
a923-45b7-gh12-3903,slope
a923-45b7-gh12-8880,slope
a923-45b7-gh12-2031,slope
a923-45b7-gh12-2109,slope
a923-45b7-gh12-1772,slope
a923-45b7-gh12-9411,slope
a923-45b7-gh12-8523,slope
a923-45b7-gh12-7741,slope
a923-45b7-gh12-5165,slope
a923-45b7-gh12-2259,slope
a923-45b7-gh12-193,slope
a923-45b7-gh12-3963,slope
a923-45b7-gh12-9031,slope
a923-45b7-gh12-9794,slope
a923-45b7-gh12-9276,slope
a923-45b7-gh12-8664,slope
a923-45b7-gh12-3174,slope
a923-45b7-gh12-3114,slope
a923-45b7-gh12-9858,slope
a923-45b7-gh12-3439,slope
a923-45b7-gh12-4247,slope
a923-45b7-gh12-622,slope
a923-45b7-gh12-2539,slope
a923-45b7-gh12-8669,slope
a923-45b7-gh12-2060,slope
a923-45b7-gh12-4978,slope
a923-45b7-gh12-491,slope
a923-45b7-gh12-9342,slope
a923-45b7-gh12-3035,slope
a923-45b7-gh12-140,slope
a923-45b7-gh12-9159,slope
a923-45b7-gh12-7178,slope
a923-45b7-gh12-5495,slope
a923-45b7-gh12-9710,house
a923-45b7-gh12-4042,house
a923-45b7-gh12-9733,house
a923-45b7-gh12-4948,house
a923-45b7-gh12-1695,house
a923-45b7-gh12-3722,house
a923-45b7-gh12-8376,house
a923-45b7-gh12-5748,house
a923-45b7-gh12-7742,house
a923-45b7-gh12-8780,house
a923-45b7-gh12-7338,house
a923-45b7-gh12-8902,house
a923-45b7-gh12-6048,house
a923-45b7-gh12-6033,house
a923-45b7-gh12-7253,house
a923-45b7-gh12-7282,house
a923-45b7-gh12-9367,house
a923-45b7-gh12-477,house
a923-45b7-gh12-5093,house
a923-45b7-gh12-5255,house
a923-45b7-gh12-2331,house
a923-45b7-gh12-7199,house
a923-45b7-gh12-6854,house
a923-45b7-gh12-9119,house
a923-45b7-gh12-7812,house
a923-45b7-gh12-7281,house
a923-45b7-gh12-2444,house
a923-45b7-gh12-2908,house
a923-45b7-gh12-4649,house
a923-45b7-gh12-8186,house
a923-45b7-gh12-8845,house
a923-45b7-gh12-2089,house
a923-45b7-gh12-1295,house
a923-45b7-gh12-8996,house
a923-45b7-gh12-1267,house
a923-45b7-gh12-8808,house
a923-45b7-gh12-6832,house
a923-45b7-gh12-9135,house
a923-45b7-gh12-1273,house
a923-45b7-gh12-469,house
a923-45b7-gh12-4011,house
a923-45b7-gh12-3400,house
a923-45b7-gh12-2618,house
a923-45b7-gh12-9865,house
a923-45b7-gh12-4714,house
a923-45b7-gh12-4646,house
a923-45b7-gh12-9449,house
a923-45b7-gh12-8136,house
a923-45b7-gh12-8410,house
a923-45b7-gh12-6404,house
a923-45b7-gh12-8728,house
a923-45b7-gh12-9600,house
a923-45b7-gh12-9664,house
a923-45b7-gh12-4732,house
a923-45b7-gh12-462,house
a923-45b7-gh12-959,house
a923-45b7-gh12-4813,track
a923-45b7-gh12-7826,track
a923-45b7-gh12-9813,track
a923-45b7-gh12-37,track
a923-45b7-gh12-8915,track
a923-45b7-gh12-3330,track
a923-45b7-gh12-9775,track
a923-45b7-gh12-5761,track
a923-45b7-gh12-6922,track
a923-45b7-gh12-1,track
a923-45b7-gh12-8210,track
a923-45b7-gh12-9795,track
a923-45b7-gh12-4669,track
a923-45b7-gh12-415,track
a923-45b7-gh12-4296,track
a923-45b7-gh12-3628,track
a923-45b7-gh12-3601,track
a923-45b7-gh12-9542,track
a923-45b7-gh12-9929,track
a923-45b7-gh12-7534,track
a923-45b7-gh12-1185,track
a923-45b7-gh12-7017,track
a923-45b7-gh12-831,track
a923-45b7-gh12-6059,track
a923-45b7-gh12-1410,track
a923-45b7-gh12-7334,track
a923-45b7-gh12-3012,track
a923-45b7-gh12-3460,track
a923-45b7-gh12-9983,track
a923-45b7-gh12-2866,track
a923-45b7-gh12-5899,track
a923-45b7-gh12-2685,track
a923-45b7-gh12-6230,track
a923-45b7-gh12-8456,track
a923-45b7-gh12-1394,track
a923-45b7-gh12-5409,track
a923-45b7-gh12-5138,track
a923-45b7-gh12-7538,track
a923-45b7-gh12-6838,track
a923-45b7-gh12-8801,track
a923-45b7-gh12-51,track
a923-45b7-gh12-8084,track
a923-45b7-gh12-1847,track
a923-45b7-gh12-6452,track
a923-45b7-gh12-8284,track
a923-45b7-gh12-3953,track
a923-45b7-gh12-8385,track
a923-45b7-gh12-4188,track
a923-45b7-gh12-9641,track
a923-45b7-gh12-9228,track
a923-45b7-gh12-9385,track
a923-45b7-gh12-7222,track
a923-45b7-gh12-3329,track
a923-45b7-gh12-136,track
a923-45b7-gh12-803,track
a923-45b7-gh12-1223,track
a923-45b7-gh12-7289,slippery
a923-45b7-gh12-8899,slippery
a923-45b7-gh12-3320,slippery
a923-45b7-gh12-7116,slippery
a923-45b7-gh12-9071,slippery
a923-45b7-gh12-5401,slippery
a923-45b7-gh12-1050,slippery
a923-45b7-gh12-2866,slippery
a923-45b7-gh12-341,slippery
a923-45b7-gh12-128,slippery
a923-45b7-gh12-882,slippery
a923-45b7-gh12-317,slippery
a923-45b7-gh12-4675,slippery
a923-45b7-gh12-156,slippery
a923-45b7-gh12-5165,slippery
a923-45b7-gh12-7478,slippery
a923-45b7-gh12-7187,slippery
a923-45b7-gh12-327,slippery
a923-45b7-gh12-2175,slippery
a923-45b7-gh12-3707,slippery
a923-45b7-gh12-3403,slippery
a923-45b7-gh12-5573,slippery
a923-45b7-gh12-8761,slippery
a923-45b7-gh12-145,slippery
a923-45b7-gh12-9910,slippery
a923-45b7-gh12-1045,slippery
a923-45b7-gh12-8571,slippery
a923-45b7-gh12-1893,slippery
a923-45b7-gh12-1,slippery
a923-45b7-gh12-1930,slippery
a923-45b7-gh12-3118,slippery
a923-45b7-gh12-717,slippery
a923-45b7-gh12-858,slippery
a923-45b7-gh12-6076,slippery
a923-45b7-gh12-8353,slippery
a923-45b7-gh12-8832,slippery
a923-45b7-gh12-7485,slippery
a923-45b7-gh12-1877,slippery
a923-45b7-gh12-5288,slippery
a923-45b7-gh12-6969,slippery
a923-45b7-gh12-9413,slippery
a923-45b7-gh12-2704,slippery
a923-45b7-gh12-1459,slippery
a923-45b7-gh12-3878,slippery
a923-45b7-gh12-2137,slippery
a923-45b7-gh12-5272,slippery
a923-45b7-gh12-7733,slippery
a923-45b7-gh12-9646,slippery
a923-45b7-gh12-6415,slippery
a923-45b7-gh12-4367,slippery
a923-45b7-gh12-1829,slippery
a923-45b7-gh12-4460,slippery
a923-45b7-gh12-2720,slippery
a923-45b7-gh12-7590,slippery
a923-45b7-gh12-734,slippery
a923-45b7-gh12-735,slippery
a923-45b7-gh12-3041,plain
a923-45b7-gh12-253,plain
a923-45b7-gh12-8113,plain
a923-45b7-gh12-2716,plain
a923-45b7-gh12-747,plain
a923-45b7-gh12-6438,plain
a923-45b7-gh12-1496,plain
a923-45b7-gh12-6455,plain
a923-45b7-gh12-829,plain
a923-45b7-gh12-9139,plain
a923-45b7-gh12-9297,plain
a923-45b7-gh12-2842,plain
a923-45b7-gh12-4028,plain
a923-45b7-gh12-1284,plain
a923-45b7-gh12-3923,plain
a923-45b7-gh12-9359,plain
a923-45b7-gh12-9733,plain
a923-45b7-gh12-7743,plain
a923-45b7-gh12-592,plain
a923-45b7-gh12-9649,plain
a923-45b7-gh12-1251,plain
a923-45b7-gh12-4797,plain
a923-45b7-gh12-5287,plain
a923-45b7-gh12-3978,plain
a923-45b7-gh12-7145,plain
a923-45b7-gh12-9970,plain
a923-45b7-gh12-7697,plain
a923-45b7-gh12-2360,plain
a923-45b7-gh12-8520,plain
a923-45b7-gh12-8578,plain
a923-45b7-gh12-3156,plain
a923-45b7-gh12-5777,plain
a923-45b7-gh12-5978,plain
a923-45b7-gh12-8547,plain
a923-45b7-gh12-6085,plain
a923-45b7-gh12-1889,plain
a923-45b7-gh12-4796,plain
a923-45b7-gh12-6405,plain
a923-45b7-gh12-5855,plain
a923-45b7-gh12-2108,plain
a923-45b7-gh12-4615,plain
a923-45b7-gh12-8026,plain
a923-45b7-gh12-5255,plain
a923-45b7-gh12-7459,plain
a923-45b7-gh12-2049,plain
a923-45b7-gh12-4598,plain
a923-45b7-gh12-4234,plain
a923-45b7-gh12-8556,plain
a923-45b7-gh12-4283,plain
a923-45b7-gh12-9177,plain
a923-45b7-gh12-3232,plain
a923-45b7-gh12-3454,plain
a923-45b7-gh12-3972,plain
a923-45b7-gh12-5168,plain
a923-45b7-gh12-3787,plain
a923-45b7-gh12-9740,plain
a923-45b7-gh12-5818,slope
a923-45b7-gh12-7621,slope
a923-45b7-gh12-9474,slope
a923-45b7-gh12-1115,slope
a923-45b7-gh12-9075,slope
a923-45b7-gh12-1827,slope
a923-45b7-gh12-5364,slope
a923-45b7-gh12-2865,slope
a923-45b7-gh12-3795,slope
a923-45b7-gh12-8531,slope
a923-45b7-gh12-6960,slope
a923-45b7-gh12-5362,slope
a923-45b7-gh12-9426,slope
a923-45b7-gh12-6250,slope
a923-45b7-gh12-1708,slope
a923-45b7-gh12-4607,slope
a923-45b7-gh12-9210,slope
a923-45b7-gh12-3510,slope
a923-45b7-gh12-1847,slope
a923-45b7-gh12-8004,slope
a923-45b7-gh12-194,slope
a923-45b7-gh12-6599,slope
a923-45b7-gh12-562,slope
a923-45b7-gh12-5922,slope
a923-45b7-gh12-2695,slope
a923-45b7-gh12-7612,slope
a923-45b7-gh12-7408,slope
a923-45b7-gh12-7584,slope
a923-45b7-gh12-462,slope
a923-45b7-gh12-5468,slope
a923-45b7-gh12-8890,slope
a923-45b7-gh12-7518,slope
a923-45b7-gh12-5561,slope
a923-45b7-gh12-307,slope
a923-45b7-gh12-6082,slope
a923-45b7-gh12-5065,slope
a923-45b7-gh12-3660,slope
a923-45b7-gh12-9718,slope
a923-45b7-gh12-5379,slope
a923-45b7-gh12-6260,slope
a923-45b7-gh12-6231,slope
a923-45b7-gh12-5109,slope
a923-45b7-gh12-104,slope
a923-45b7-gh12-2949,slope
a923-45b7-gh12-7594,slope
a923-45b7-gh12-9493,slope
a923-45b7-gh12-6697,slope
a923-45b7-gh12-6849,slope
a923-45b7-gh12-7168,slope
a923-45b7-gh12-527,slope
a923-45b7-gh12-3686,slope
a923-45b7-gh12-3136,slope
a923-45b7-gh12-2837,slope
a923-45b7-gh12-9998,slope
a923-45b7-gh12-3355,slope
a923-45b7-gh12-9635,slope
a923-45b7-gh12-8590,house
a923-45b7-gh12-4992,house
a923-45b7-gh12-4855,house
a923-45b7-gh12-162,house
a923-45b7-gh12-7688,house
a923-45b7-gh12-1806,house
a923-45b7-gh12-8451,house
a923-45b7-gh12-1956,house
a923-45b7-gh12-5508,house
a923-45b7-gh12-1689,house
a923-45b7-gh12-3851,house
a923-45b7-gh12-8434,house
a923-45b7-gh12-3876,house
a923-45b7-gh12-6709,house
a923-45b7-gh12-665,house
a923-45b7-gh12-3242,house
a923-45b7-gh12-5172,house
a923-45b7-gh12-3358,house
a923-45b7-gh12-8967,house
a923-45b7-gh12-2854,house
a923-45b7-gh12-7645,house
a923-45b7-gh12-5747,house
a923-45b7-gh12-1619,house
a923-45b7-gh12-8036,house
a923-45b7-gh12-7054,house
a923-45b7-gh12-3030,house
a923-45b7-gh12-5746,house
a923-45b7-gh12-7383,house
a923-45b7-gh12-7840,house
a923-45b7-gh12-2082,house
a923-45b7-gh12-7689,house
a923-45b7-gh12-4415,house
a923-45b7-gh12-225,house
a923-45b7-gh12-697,house
a923-45b7-gh12-4181,house
a923-45b7-gh12-8600,house
a923-45b7-gh12-5671,house
a923-45b7-gh12-6716,house
a923-45b7-gh12-1372,house
a923-45b7-gh12-1386,house
a923-45b7-gh12-7163,house
a923-45b7-gh12-2225,house
a923-45b7-gh12-801,house
a923-45b7-gh12-8368,house
a923-45b7-gh12-9355,house
a923-45b7-gh12-6776,house
a923-45b7-gh12-3852,house
a923-45b7-gh12-2198,house
a923-45b7-gh12-2252,house
a923-45b7-gh12-9569,house
a923-45b7-gh12-6606,house
a923-45b7-gh12-8670,house
a923-45b7-gh12-3087,house
a923-45b7-gh12-7688,house
a923-45b7-gh12-1104,house
a923-45b7-gh12-3017,house
a923-45b7-gh12-8003,track
a923-45b7-gh12-1148,track
a923-45b7-gh12-7495,track
a923-45b7-gh12-3358,track
a923-45b7-gh12-6229,track
a923-45b7-gh12-1590,track
a923-45b7-gh12-336,track
a923-45b7-gh12-7840,track
a923-45b7-gh12-2964,track
a923-45b7-gh12-5760,track
a923-45b7-gh12-4163,track
a923-45b7-gh12-1873,track
a923-45b7-gh12-8321,track
a923-45b7-gh12-1430,track
a923-45b7-gh12-4141,track
a923-45b7-gh12-5317,track
a923-45b7-gh12-9896,track
a923-45b7-gh12-782,track
a923-45b7-gh12-4586,track
a923-45b7-gh12-5879,track
a923-45b7-gh12-5182,track
a923-45b7-gh12-648,track
a923-45b7-gh12-7620,track
a923-45b7-gh12-6540,track
a923-45b7-gh12-4020,track
a923-45b7-gh12-5942,track
a923-45b7-gh12-3375,track
a923-45b7-gh12-7010,track
a923-45b7-gh12-447,track
a923-45b7-gh12-5002,track
a923-45b7-gh12-2346,track
a923-45b7-gh12-1065,track
a923-45b7-gh12-9999,track
a923-45b7-gh12-885,track
a923-45b7-gh12-4653,track
a923-45b7-gh12-7152,track
a923-45b7-gh12-5201,track
a923-45b7-gh12-7522,track
a923-45b7-gh12-279,track
a923-45b7-gh12-492,track
a923-45b7-gh12-2588,track
a923-45b7-gh12-601,track
a923-45b7-gh12-7744,track
a923-45b7-gh12-8242,track
a923-45b7-gh12-3111,track
a923-45b7-gh12-517,track
a923-45b7-gh12-8087,track
a923-45b7-gh12-8579,track
a923-45b7-gh12-932,track
a923-45b7-gh12-1356,track
a923-45b7-gh12-7618,track
a923-45b7-gh12-3379,track
a923-45b7-gh12-685,track
a923-45b7-gh12-8163,track
a923-45b7-gh12-2165,track
a923-45b7-gh12-4202,track
