UUID,LABEL
a923-45b7-gh12-166,turnLeft
a923-45b7-gh12-7236,turnLeft
a923-45b7-gh12-3560,turnLeft
a923-45b7-gh12-4000,turnLeft
a923-45b7-gh12-7772,turnLeft
a923-45b7-gh12-2354,turnLeft
a923-45b7-gh12-5583,turnLeft
a923-45b7-gh12-2485,turnLeft
a923-45b7-gh12-6507,turnLeft
a923-45b7-gh12-8581,turnLeft
a923-45b7-gh12-2019,turnLeft
a923-45b7-gh12-5705,turnLeft
a923-45b7-gh12-2693,turnLeft
a923-45b7-gh12-438,turnLeft
a923-45b7-gh12-2048,turnLeft
a923-45b7-gh12-573,turnLeft
a923-45b7-gh12-6305,turnLeft
a923-45b7-gh12-8349,turnLeft
a923-45b7-gh12-3836,turnLeft
a923-45b7-gh12-7951,turnRight
a923-45b7-gh12-3777,turnRight
a923-45b7-gh12-8232,turnRight
a923-45b7-gh12-9694,turnRight
a923-45b7-gh12-9257,turnRight
a923-45b7-gh12-1553,turnRight
a923-45b7-gh12-7663,turnRight
a923-45b7-gh12-9228,turnRight
a923-45b7-gh12-3671,turnRight
a923-45b7-gh12-228,turnRight
a923-45b7-gh12-2882,turnRight
a923-45b7-gh12-893,turnRight
a923-45b7-gh12-48,turnRight
a923-45b7-gh12-3696,turnRight
a923-45b7-gh12-8061,turnRight
a923-45b7-gh12-3625,turnRight
a923-45b7-gh12-4519,turnRight
a923-45b7-gh12-9068,move
a923-45b7-gh12-5554,move
a923-45b7-gh12-4874,move
a923-45b7-gh12-7729,move
a923-45b7-gh12-1550,move
a923-45b7-gh12-6784,move
a923-45b7-gh12-7307,move
a923-45b7-gh12-1348,move
a923-45b7-gh12-6001,move
a923-45b7-gh12-3452,move
a923-45b7-gh12-8722,move
a923-45b7-gh12-7301,move
a923-45b7-gh12-3789,move
a923-45b7-gh12-5783,move
a923-45b7-gh12-4609,move
a923-45b7-gh12-3575,move
a923-45b7-gh12-9966,move
a923-45b7-gh12-4627,move
a923-45b7-gh12-4315,move
a923-45b7-gh12-7281,move
a923-45b7-gh12-6628,turnLeft
a923-45b7-gh12-6139,turnLeft
a923-45b7-gh12-6782,turnLeft
a923-45b7-gh12-6397,turnLeft
a923-45b7-gh12-7326,turnLeft
a923-45b7-gh12-8471,turnLeft
a923-45b7-gh12-2268,turnLeft
a923-45b7-gh12-3220,turnLeft
a923-45b7-gh12-3491,turnLeft
a923-45b7-gh12-167,turnLeft
a923-45b7-gh12-1473,turnLeft
a923-45b7-gh12-3518,turnLeft
a923-45b7-gh12-4974,turnLeft
a923-45b7-gh12-9345,turnLeft
a923-45b7-gh12-9261,turnLeft
a923-45b7-gh12-1015,turnLeft
a923-45b7-gh12-1977,turnLeft
a923-45b7-gh12-8873,turnLeft
a923-45b7-gh12-1617,turnLeft
a923-45b7-gh12-962,turnRight
a923-45b7-gh12-2993,turnRight
a923-45b7-gh12-4570,turnRight
a923-45b7-gh12-6533,turnRight
a923-45b7-gh12-9444,turnRight
a923-45b7-gh12-8050,turnRight
a923-45b7-gh12-9412,turnRight
a923-45b7-gh12-5519,turnRight
a923-45b7-gh12-5757,turnRight
a923-45b7-gh12-8242,turnRight
a923-45b7-gh12-7691,turnRight
a923-45b7-gh12-8091,turnRight
a923-45b7-gh12-4796,turnRight
a923-45b7-gh12-6316,turnRight
a923-45b7-gh12-7997,turnRight
a923-45b7-gh12-798,turnRight
a923-45b7-gh12-3162,turnRight
a923-45b7-gh12-3019,move
a923-45b7-gh12-8279,move
a923-45b7-gh12-258,move
a923-45b7-gh12-7686,move
a923-45b7-gh12-8255,move
a923-45b7-gh12-1574,move
a923-45b7-gh12-8841,move
a923-45b7-gh12-8091,move
a923-45b7-gh12-8608,move
a923-45b7-gh12-344,move
a923-45b7-gh12-7775,move
a923-45b7-gh12-1121,move
a923-45b7-gh12-928,move
a923-45b7-gh12-6795,move
a923-45b7-gh12-3167,move
a923-45b7-gh12-4190,move
a923-45b7-gh12-8742,move
a923-45b7-gh12-4610,move
a923-45b7-gh12-4751,move
a923-45b7-gh12-7909,move
a923-45b7-gh12-7742,turnLeft
a923-45b7-gh12-6554,turnLeft
a923-45b7-gh12-3126,turnLeft
a923-45b7-gh12-4671,turnLeft
a923-45b7-gh12-7661,turnLeft
a923-45b7-gh12-3892,turnLeft
a923-45b7-gh12-4330,turnLeft
a923-45b7-gh12-5808,turnLeft
a923-45b7-gh12-5889,turnLeft
a923-45b7-gh12-222,turnLeft
a923-45b7-gh12-2022,turnLeft
a923-45b7-gh12-6984,turnLeft
a923-45b7-gh12-4456,turnLeft
a923-45b7-gh12-6014,turnLeft
a923-45b7-gh12-4367,turnLeft
a923-45b7-gh12-742,turnLeft
a923-45b7-gh12-7353,turnLeft
a923-45b7-gh12-6120,turnLeft
a923-45b7-gh12-6447,turnLeft
a923-45b7-gh12-1010,turnRight
a923-45b7-gh12-7779,turnRight
a923-45b7-gh12-5486,turnRight
a923-45b7-gh12-9064,turnRight
a923-45b7-gh12-7942,turnRight
a923-45b7-gh12-7901,turnRight
a923-45b7-gh12-9925,turnRight
a923-45b7-gh12-5070,turnRight
a923-45b7-gh12-2204,turnRight
a923-45b7-gh12-4916,turnRight
a923-45b7-gh12-8653,turnRight
a923-45b7-gh12-5093,turnRight
a923-45b7-gh12-8239,turnRight
a923-45b7-gh12-9432,turnRight
a923-45b7-gh12-3356,turnRight
a923-45b7-gh12-6666,turnRight
a923-45b7-gh12-4287,turnRight
a923-45b7-gh12-1909,move
a923-45b7-gh12-3546,move
a923-45b7-gh12-2707,move
a923-45b7-gh12-9763,move
a923-45b7-gh12-6523,move
a923-45b7-gh12-6954,move
a923-45b7-gh12-732,move
a923-45b7-gh12-8049,move
a923-45b7-gh12-1881,move
a923-45b7-gh12-156,move
a923-45b7-gh12-9633,move
a923-45b7-gh12-4457,move
a923-45b7-gh12-3834,move
a923-45b7-gh12-3867,move
a923-45b7-gh12-1591,move
a923-45b7-gh12-8972,move
a923-45b7-gh12-9850,move
a923-45b7-gh12-3144,move
a923-45b7-gh12-2682,move
a923-45b7-gh12-7222,move
a923-45b7-gh12-7193,turnLeft
a923-45b7-gh12-5965,turnLeft
a923-45b7-gh12-695,turnLeft
a923-45b7-gh12-6422,turnLeft
a923-45b7-gh12-7348,turnLeft
a923-45b7-gh12-344,turnLeft
a923-45b7-gh12-5673,turnLeft
a923-45b7-gh12-2368,turnLeft
a923-45b7-gh12-9722,turnLeft
a923-45b7-gh12-3422,turnLeft
a923-45b7-gh12-2138,turnLeft
a923-45b7-gh12-2408,turnLeft
a923-45b7-gh12-3959,turnLeft
a923-45b7-gh12-2920,turnLeft
a923-45b7-gh12-5596,turnLeft
a923-45b7-gh12-342,turnLeft
a923-45b7-gh12-5010,turnLeft
a923-45b7-gh12-8394,turnLeft
a923-45b7-gh12-6566,turnLeft
a923-45b7-gh12-3222,turnRight
a923-45b7-gh12-8246,turnRight
a923-45b7-gh12-5524,turnRight
a923-45b7-gh12-7332,turnRight
a923-45b7-gh12-7340,turnRight
a923-45b7-gh12-9053,turnRight
a923-45b7-gh12-8574,turnRight
a923-45b7-gh12-276,turnRight
a923-45b7-gh12-4131,turnRight
a923-45b7-gh12-6731,turnRight
a923-45b7-gh12-7913,turnRight
a923-45b7-gh12-2539,turnRight
a923-45b7-gh12-5674,turnRight
a923-45b7-gh12-7220,turnRight
a923-45b7-gh12-207,turnRight
a923-45b7-gh12-2406,turnRight
a923-45b7-gh12-6858,turnRight
a923-45b7-gh12-4384,move
a923-45b7-gh12-5453,move
a923-45b7-gh12-9577,move
a923-45b7-gh12-5320,move
a923-45b7-gh12-4587,move
a923-45b7-gh12-1529,move
a923-45b7-gh12-5274,move
a923-45b7-gh12-4009,move
a923-45b7-gh12-859,move
a923-45b7-gh12-2874,move
a923-45b7-gh12-7796,move
a923-45b7-gh12-1113,move
a923-45b7-gh12-2831,move
a923-45b7-gh12-871,move
a923-45b7-gh12-1010,move
a923-45b7-gh12-2354,move
a923-45b7-gh12-6945,move
a923-45b7-gh12-152,move
a923-45b7-gh12-9185,move
a923-45b7-gh12-5969,move
a923-45b7-gh12-1066,turnLeft
a923-45b7-gh12-642,turnLeft
a923-45b7-gh12-398,turnLeft
a923-45b7-gh12-2862,turnLeft
a923-45b7-gh12-6772,turnLeft
a923-45b7-gh12-836,turnLeft
a923-45b7-gh12-9850,turnLeft
a923-45b7-gh12-3965,turnLeft
a923-45b7-gh12-5417,turnLeft
a923-45b7-gh12-3818,turnLeft
a923-45b7-gh12-6754,turnLeft
a923-45b7-gh12-2807,turnLeft
a923-45b7-gh12-2664,turnLeft
a923-45b7-gh12-6579,turnLeft
a923-45b7-gh12-2449,turnLeft
a923-45b7-gh12-7437,turnLeft
a923-45b7-gh12-6705,turnLeft
a923-45b7-gh12-6105,turnLeft
a923-45b7-gh12-4209,turnLeft
a923-45b7-gh12-4002,turnRight
a923-45b7-gh12-3790,turnRight
a923-45b7-gh12-3561,turnRight
a923-45b7-gh12-8543,turnRight
a923-45b7-gh12-7431,turnRight
a923-45b7-gh12-5402,turnRight
a923-45b7-gh12-1319,turnRight
a923-45b7-gh12-9731,turnRight
a923-45b7-gh12-5634,turnRight
a923-45b7-gh12-5708,turnRight
a923-45b7-gh12-6018,turnRight
a923-45b7-gh12-7264,turnRight
a923-45b7-gh12-7873,turnRight
a923-45b7-gh12-4888,turnRight
a923-45b7-gh12-1600,turnRight
a923-45b7-gh12-9333,turnRight
a923-45b7-gh12-25,turnRight
a923-45b7-gh12-9340,move
a923-45b7-gh12-804,move
a923-45b7-gh12-5500,move
a923-45b7-gh12-8817,move
a923-45b7-gh12-7675,move
a923-45b7-gh12-2419,move
a923-45b7-gh12-1508,move
a923-45b7-gh12-2959,move
a923-45b7-gh12-4230,move
a923-45b7-gh12-47,move
a923-45b7-gh12-4641,move
a923-45b7-gh12-3187,move
a923-45b7-gh12-4826,move
a923-45b7-gh12-6467,move
a923-45b7-gh12-9210,move
a923-45b7-gh12-2535,move
a923-45b7-gh12-586,move
a923-45b7-gh12-1143,move
a923-45b7-gh12-3178,move
a923-45b7-gh12-7295,move
a923-45b7-gh12-4347,turnLeft
a923-45b7-gh12-9551,turnLeft
a923-45b7-gh12-5829,turnLeft
a923-45b7-gh12-9468,turnLeft
a923-45b7-gh12-9046,turnLeft
a923-45b7-gh12-78,turnLeft
a923-45b7-gh12-9148,turnLeft
a923-45b7-gh12-7027,turnLeft
a923-45b7-gh12-9821,turnLeft
a923-45b7-gh12-8133,turnLeft
a923-45b7-gh12-9427,turnLeft
a923-45b7-gh12-8228,turnLeft
a923-45b7-gh12-5796,turnLeft
a923-45b7-gh12-6470,turnLeft
a923-45b7-gh12-6516,turnLeft
a923-45b7-gh12-303,turnLeft
a923-45b7-gh12-5400,turnLeft
a923-45b7-gh12-1004,turnLeft
a923-45b7-gh12-9766,turnLeft
a923-45b7-gh12-476,turnRight
a923-45b7-gh12-1863,turnRight
a923-45b7-gh12-7045,turnRight
a923-45b7-gh12-628,turnRight
a923-45b7-gh12-5333,turnRight
a923-45b7-gh12-8761,turnRight
a923-45b7-gh12-4092,turnRight
a923-45b7-gh12-3166,turnRight
a923-45b7-gh12-8968,turnRight
a923-45b7-gh12-5974,turnRight
a923-45b7-gh12-8487,turnRight
a923-45b7-gh12-2397,turnRight
a923-45b7-gh12-4037,turnRight
a923-45b7-gh12-8536,turnRight
a923-45b7-gh12-9861,turnRight
a923-45b7-gh12-173,turnRight
a923-45b7-gh12-2560,turnRight
a923-45b7-gh12-1143,move
a923-45b7-gh12-8315,move
a923-45b7-gh12-7828,move
a923-45b7-gh12-5292,move
a923-45b7-gh12-7449,move
a923-45b7-gh12-7335,move
a923-45b7-gh12-3888,move
a923-45b7-gh12-6734,move
a923-45b7-gh12-7943,move
a923-45b7-gh12-8244,move
a923-45b7-gh12-1141,move
a923-45b7-gh12-4061,move
a923-45b7-gh12-8287,move
a923-45b7-gh12-9967,move
a923-45b7-gh12-4897,move
a923-45b7-gh12-4024,move
a923-45b7-gh12-5829,move
a923-45b7-gh12-6303,move
a923-45b7-gh12-4670,move
a923-45b7-gh12-5590,move
a923-45b7-gh12-26,turnLeft
a923-45b7-gh12-1070,turnLeft
a923-45b7-gh12-3182,turnLeft
a923-45b7-gh12-8397,turnLeft
a923-45b7-gh12-5057,turnLeft
a923-45b7-gh12-3178,turnLeft
a923-45b7-gh12-3453,turnLeft
a923-45b7-gh12-8765,turnLeft
a923-45b7-gh12-525,turnLeft
a923-45b7-gh12-750,turnLeft
a923-45b7-gh12-1265,turnLeft
a923-45b7-gh12-8183,turnLeft
a923-45b7-gh12-5071,turnLeft
a923-45b7-gh12-5409,turnLeft
a923-45b7-gh12-7349,turnLeft
a923-45b7-gh12-8677,turnLeft
a923-45b7-gh12-4190,turnLeft
a923-45b7-gh12-3923,turnLeft
a923-45b7-gh12-1038,turnLeft
a923-45b7-gh12-9327,turnRight
a923-45b7-gh12-3160,turnRight
a923-45b7-gh12-2964,turnRight
a923-45b7-gh12-8548,turnRight
a923-45b7-gh12-9748,turnRight
a923-45b7-gh12-1940,turnRight
a923-45b7-gh12-3705,turnRight
a923-45b7-gh12-8909,turnRight
a923-45b7-gh12-9344,turnRight
a923-45b7-gh12-1624,turnRight
a923-45b7-gh12-4833,turnRight
a923-45b7-gh12-7638,turnRight
a923-45b7-gh12-4441,turnRight
a923-45b7-gh12-2822,turnRight
a923-45b7-gh12-7155,turnRight
a923-45b7-gh12-8289,turnRight
a923-45b7-gh12-4640,turnRight
a923-45b7-gh12-5301,move
a923-45b7-gh12-7168,move
a923-45b7-gh12-2336,move
a923-45b7-gh12-2322,move
a923-45b7-gh12-8991,move
a923-45b7-gh12-3714,move
a923-45b7-gh12-1345,move
a923-45b7-gh12-5088,move
a923-45b7-gh12-2379,move
a923-45b7-gh12-3454,move
a923-45b7-gh12-4729,move
a923-45b7-gh12-6931,move
a923-45b7-gh12-6213,move
a923-45b7-gh12-3560,move
a923-45b7-gh12-993,move
a923-45b7-gh12-6845,move
a923-45b7-gh12-6827,move
a923-45b7-gh12-4513,move
a923-45b7-gh12-6031,move
a923-45b7-gh12-5748,move
a923-45b7-gh12-917,turnLeft
a923-45b7-gh12-9950,turnLeft
a923-45b7-gh12-1897,turnLeft
a923-45b7-gh12-381,turnLeft
a923-45b7-gh12-2233,turnLeft
a923-45b7-gh12-8855,turnLeft
a923-45b7-gh12-3833,turnLeft
a923-45b7-gh12-686,turnLeft
a923-45b7-gh12-2482,turnLeft
a923-45b7-gh12-3350,turnLeft
a923-45b7-gh12-9380,turnLeft
a923-45b7-gh12-5135,turnLeft
a923-45b7-gh12-1915,turnLeft
a923-45b7-gh12-3338,turnLeft
a923-45b7-gh12-8577,turnLeft
a923-45b7-gh12-5501,turnLeft
a923-45b7-gh12-465,turnLeft
a923-45b7-gh12-1024,turnLeft
a923-45b7-gh12-7287,turnLeft
a923-45b7-gh12-1308,turnRight
a923-45b7-gh12-9814,turnRight
a923-45b7-gh12-6216,turnRight
a923-45b7-gh12-449,turnRight
a923-45b7-gh12-3083,turnRight
a923-45b7-gh12-749,turnRight
a923-45b7-gh12-2177,turnRight
a923-45b7-gh12-3218,turnRight
a923-45b7-gh12-3833,turnRight
a923-45b7-gh12-2998,turnRight
a923-45b7-gh12-7070,turnRight
a923-45b7-gh12-5400,turnRight
a923-45b7-gh12-1116,turnRight
a923-45b7-gh12-7069,turnRight
a923-45b7-gh12-1094,turnRight
a923-45b7-gh12-4949,turnRight
a923-45b7-gh12-9343,turnRight
a923-45b7-gh12-7732,move
a923-45b7-gh12-2104,move
a923-45b7-gh12-1080,move
a923-45b7-gh12-3535,move
a923-45b7-gh12-5375,move
a923-45b7-gh12-7038,move
a923-45b7-gh12-3031,move
a923-45b7-gh12-1136,move
a923-45b7-gh12-4871,move
a923-45b7-gh12-4143,move
a923-45b7-gh12-2904,move
a923-45b7-gh12-9577,move
a923-45b7-gh12-2046,move
a923-45b7-gh12-9307,move
a923-45b7-gh12-8783,move
a923-45b7-gh12-889,move
a923-45b7-gh12-2983,move
a923-45b7-gh12-7179,move
a923-45b7-gh12-9924,move
a923-45b7-gh12-8367,move
a923-45b7-gh12-9742,turnLeft
a923-45b7-gh12-5844,turnLeft
a923-45b7-gh12-1971,turnLeft
a923-45b7-gh12-5130,turnLeft
a923-45b7-gh12-6167,turnLeft
a923-45b7-gh12-4338,turnLeft
a923-45b7-gh12-3371,turnLeft
a923-45b7-gh12-6404,turnLeft
a923-45b7-gh12-2870,turnLeft
a923-45b7-gh12-7435,turnLeft
a923-45b7-gh12-7998,turnLeft
a923-45b7-gh12-5199,turnLeft
a923-45b7-gh12-7722,turnLeft
a923-45b7-gh12-3878,turnLeft
a923-45b7-gh12-2953,turnLeft
a923-45b7-gh12-274,turnLeft
a923-45b7-gh12-9714,turnLeft
a923-45b7-gh12-588,turnLeft
a923-45b7-gh12-3429,turnLeft
a923-45b7-gh12-3347,turnRight
a923-45b7-gh12-784,turnRight
a923-45b7-gh12-8280,turnRight
a923-45b7-gh12-7955,turnRight
a923-45b7-gh12-3073,turnRight
a923-45b7-gh12-1156,turnRight
a923-45b7-gh12-6561,turnRight
a923-45b7-gh12-9277,turnRight
a923-45b7-gh12-4477,turnRight
a923-45b7-gh12-3833,turnRight
a923-45b7-gh12-2279,turnRight
a923-45b7-gh12-8211,turnRight
a923-45b7-gh12-6906,turnRight
a923-45b7-gh12-1704,turnRight
a923-45b7-gh12-6281,turnRight
a923-45b7-gh12-3001,turnRight
a923-45b7-gh12-8034,turnRight
a923-45b7-gh12-3918,move
a923-45b7-gh12-3169,move
a923-45b7-gh12-7300,move
a923-45b7-gh12-7889,move
a923-45b7-gh12-577,move
a923-45b7-gh12-7586,move
a923-45b7-gh12-5869,move
a923-45b7-gh12-9181,move
a923-45b7-gh12-5712,move
a923-45b7-gh12-8495,move
a923-45b7-gh12-4290,move
a923-45b7-gh12-6075,move
a923-45b7-gh12-1741,move
a923-45b7-gh12-5150,move
a923-45b7-gh12-2540,move
a923-45b7-gh12-777,move
a923-45b7-gh12-6709,move
a923-45b7-gh12-6252,move
a923-45b7-gh12-6865,move
a923-45b7-gh12-9954,move
a923-45b7-gh12-3940,turnLeft
a923-45b7-gh12-2965,turnLeft
a923-45b7-gh12-4952,turnLeft
a923-45b7-gh12-5013,turnLeft
a923-45b7-gh12-6407,turnLeft
a923-45b7-gh12-7128,turnLeft
a923-45b7-gh12-4621,turnLeft
a923-45b7-gh12-4370,turnLeft
a923-45b7-gh12-2624,turnLeft
a923-45b7-gh12-1969,turnLeft
a923-45b7-gh12-5930,turnLeft
a923-45b7-gh12-9737,turnLeft
a923-45b7-gh12-1520,turnLeft
a923-45b7-gh12-4753,turnLeft
a923-45b7-gh12-8602,turnLeft
a923-45b7-gh12-7192,turnLeft
a923-45b7-gh12-5933,turnLeft
a923-45b7-gh12-6909,turnLeft
a923-45b7-gh12-4453,turnLeft
a923-45b7-gh12-6356,turnRight
a923-45b7-gh12-1128,turnRight
a923-45b7-gh12-9010,turnRight
a923-45b7-gh12-3555,turnRight
a923-45b7-gh12-2764,turnRight
a923-45b7-gh12-1411,turnRight
a923-45b7-gh12-1872,turnRight
a923-45b7-gh12-2784,turnRight
a923-45b7-gh12-4568,turnRight
a923-45b7-gh12-5070,turnRight
a923-45b7-gh12-269,turnRight
a923-45b7-gh12-347,turnRight
a923-45b7-gh12-1739,turnRight
a923-45b7-gh12-4853,turnRight
a923-45b7-gh12-8906,turnRight
a923-45b7-gh12-6911,turnRight
a923-45b7-gh12-3333,turnRight
a923-45b7-gh12-7670,move
a923-45b7-gh12-6296,move
a923-45b7-gh12-6740,move
a923-45b7-gh12-309,move
a923-45b7-gh12-5277,move
a923-45b7-gh12-2224,move
a923-45b7-gh12-3963,move
a923-45b7-gh12-7920,move
a923-45b7-gh12-4266,move
a923-45b7-gh12-8386,move
a923-45b7-gh12-1417,move
a923-45b7-gh12-3333,move
a923-45b7-gh12-4482,move
a923-45b7-gh12-4422,move
a923-45b7-gh12-471,move
a923-45b7-gh12-5056,move
a923-45b7-gh12-5887,move
a923-45b7-gh12-9457,move
a923-45b7-gh12-6438,move
a923-45b7-gh12-7097,move
a923-45b7-gh12-9437,turnLeft
a923-45b7-gh12-7929,turnLeft
a923-45b7-gh12-3934,turnLeft
a923-45b7-gh12-7160,turnLeft
a923-45b7-gh12-9882,turnLeft
a923-45b7-gh12-5536,turnLeft
a923-45b7-gh12-5414,turnLeft
a923-45b7-gh12-6159,turnLeft
a923-45b7-gh12-9017,turnLeft
a923-45b7-gh12-9110,turnLeft
a923-45b7-gh12-3428,turnLeft
a923-45b7-gh12-6707,turnLeft
a923-45b7-gh12-9911,turnLeft
a923-45b7-gh12-8404,turnLeft
a923-45b7-gh12-3758,turnLeft
a923-45b7-gh12-681,turnLeft
a923-45b7-gh12-2102,turnLeft
a923-45b7-gh12-9497,turnLeft
a923-45b7-gh12-916,turnLeft
a923-45b7-gh12-7801,turnRight
a923-45b7-gh12-5403,turnRight
a923-45b7-gh12-9531,turnRight
a923-45b7-gh12-555,turnRight
a923-45b7-gh12-9463,turnRight
a923-45b7-gh12-7921,turnRight
a923-45b7-gh12-4266,turnRight
a923-45b7-gh12-9900,turnRight
a923-45b7-gh12-876,turnRight
a923-45b7-gh12-3264,turnRight
a923-45b7-gh12-836,turnRight
a923-45b7-gh12-5057,turnRight
a923-45b7-gh12-896,turnRight
a923-45b7-gh12-4299,turnRight
a923-45b7-gh12-2084,turnRight
a923-45b7-gh12-4898,turnRight
a923-45b7-gh12-938,turnRight
a923-45b7-gh12-4566,move
a923-45b7-gh12-5798,move
a923-45b7-gh12-1807,move
a923-45b7-gh12-1781,move
a923-45b7-gh12-2259,move
a923-45b7-gh12-3617,move
a923-45b7-gh12-5181,move
a923-45b7-gh12-6374,move
a923-45b7-gh12-1319,move
a923-45b7-gh12-4209,move
a923-45b7-gh12-7974,move
a923-45b7-gh12-8881,move
a923-45b7-gh12-2397,move
a923-45b7-gh12-7665,move
a923-45b7-gh12-6807,move
a923-45b7-gh12-7406,move
a923-45b7-gh12-3728,move
a923-45b7-gh12-3757,move
a923-45b7-gh12-568,move
a923-45b7-gh12-3011,move
a923-45b7-gh12-688,turnLeft
a923-45b7-gh12-1637,turnLeft
a923-45b7-gh12-7570,turnLeft
a923-45b7-gh12-8576,turnLeft
a923-45b7-gh12-6095,turnLeft
a923-45b7-gh12-6261,turnLeft
a923-45b7-gh12-5120,turnLeft
a923-45b7-gh12-596,turnLeft
a923-45b7-gh12-8345,turnLeft
a923-45b7-gh12-6538,turnLeft
a923-45b7-gh12-1241,turnLeft
a923-45b7-gh12-4128,turnLeft
a923-45b7-gh12-7722,turnLeft
a923-45b7-gh12-4546,turnLeft
a923-45b7-gh12-2827,turnLeft
a923-45b7-gh12-1921,turnLeft
a923-45b7-gh12-8959,turnLeft
a923-45b7-gh12-9533,turnLeft
a923-45b7-gh12-6393,turnLeft
a923-45b7-gh12-4941,turnRight
a923-45b7-gh12-473,turnRight
a923-45b7-gh12-340,turnRight
a923-45b7-gh12-7090,turnRight
a923-45b7-gh12-3581,turnRight
a923-45b7-gh12-7637,turnRight
a923-45b7-gh12-7590,turnRight
a923-45b7-gh12-732,turnRight
a923-45b7-gh12-6941,turnRight
a923-45b7-gh12-2371,turnRight
a923-45b7-gh12-3730,turnRight
a923-45b7-gh12-5870,turnRight
a923-45b7-gh12-9234,turnRight
a923-45b7-gh12-48,turnRight
a923-45b7-gh12-2533,turnRight
a923-45b7-gh12-4242,turnRight
a923-45b7-gh12-5510,turnRight
a923-45b7-gh12-4702,move
a923-45b7-gh12-3568,move
a923-45b7-gh12-4791,move
a923-45b7-gh12-3709,move
a923-45b7-gh12-4898,move
a923-45b7-gh12-1182,move
a923-45b7-gh12-1145,move
a923-45b7-gh12-4940,move
a923-45b7-gh12-6017,move
a923-45b7-gh12-2998,move
a923-45b7-gh12-7281,move
a923-45b7-gh12-4695,move
a923-45b7-gh12-6730,move
a923-45b7-gh12-4058,move
a923-45b7-gh12-6594,move
a923-45b7-gh12-6674,move
a923-45b7-gh12-4829,move
a923-45b7-gh12-7193,move
a923-45b7-gh12-6935,move
a923-45b7-gh12-2552,move
a923-45b7-gh12-5812,turnLeft
a923-45b7-gh12-4346,turnLeft
a923-45b7-gh12-4837,turnLeft
a923-45b7-gh12-5091,turnLeft
a923-45b7-gh12-808,turnLeft
a923-45b7-gh12-8545,turnLeft
a923-45b7-gh12-9951,turnLeft
a923-45b7-gh12-2081,turnLeft
a923-45b7-gh12-5161,turnLeft
a923-45b7-gh12-8345,turnLeft
a923-45b7-gh12-7184,turnLeft
a923-45b7-gh12-3909,turnLeft
a923-45b7-gh12-2644,turnLeft
a923-45b7-gh12-6881,turnLeft
a923-45b7-gh12-3794,turnLeft
a923-45b7-gh12-9514,turnLeft
a923-45b7-gh12-607,turnLeft
a923-45b7-gh12-7647,turnLeft
a923-45b7-gh12-4622,turnLeft
a923-45b7-gh12-1916,turnRight
a923-45b7-gh12-2831,turnRight
a923-45b7-gh12-484,turnRight
a923-45b7-gh12-7395,turnRight
a923-45b7-gh12-7268,turnRight
a923-45b7-gh12-1215,turnRight
a923-45b7-gh12-6285,turnRight
a923-45b7-gh12-3605,turnRight
a923-45b7-gh12-1360,turnRight
a923-45b7-gh12-2194,turnRight
a923-45b7-gh12-5790,turnRight
a923-45b7-gh12-3838,turnRight
a923-45b7-gh12-3157,turnRight
a923-45b7-gh12-4776,turnRight
a923-45b7-gh12-950,turnRight
a923-45b7-gh12-229,turnRight
a923-45b7-gh12-6527,turnRight
a923-45b7-gh12-6887,move
a923-45b7-gh12-8577,move
a923-45b7-gh12-6190,move
a923-45b7-gh12-6097,move
a923-45b7-gh12-8519,move
a923-45b7-gh12-2533,move
a923-45b7-gh12-9554,move
a923-45b7-gh12-375,move
a923-45b7-gh12-7065,move
a923-45b7-gh12-6129,move
a923-45b7-gh12-5388,move
a923-45b7-gh12-2735,move
a923-45b7-gh12-9968,move
a923-45b7-gh12-3288,move
a923-45b7-gh12-8730,move
a923-45b7-gh12-4905,move
a923-45b7-gh12-3727,move
a923-45b7-gh12-2012,move
a923-45b7-gh12-7167,move
a923-45b7-gh12-4526,move
a923-45b7-gh12-8305,turnLeft
a923-45b7-gh12-1333,turnLeft
a923-45b7-gh12-7551,turnLeft
a923-45b7-gh12-8178,turnLeft
a923-45b7-gh12-9180,turnLeft
a923-45b7-gh12-8361,turnLeft
a923-45b7-gh12-784,turnLeft
a923-45b7-gh12-578,turnLeft
a923-45b7-gh12-1917,turnLeft
a923-45b7-gh12-8762,turnLeft
a923-45b7-gh12-3997,turnLeft
a923-45b7-gh12-1584,turnLeft
a923-45b7-gh12-6358,turnLeft
a923-45b7-gh12-7051,turnLeft
a923-45b7-gh12-8033,turnLeft
a923-45b7-gh12-409,turnLeft
a923-45b7-gh12-2439,turnLeft
a923-45b7-gh12-6395,turnLeft
a923-45b7-gh12-5256,turnLeft
a923-45b7-gh12-5830,turnRight
a923-45b7-gh12-9227,turnRight
a923-45b7-gh12-8667,turnRight
a923-45b7-gh12-5958,turnRight
a923-45b7-gh12-9082,turnRight
a923-45b7-gh12-9694,turnRight
a923-45b7-gh12-800,turnRight
a923-45b7-gh12-608,turnRight
a923-45b7-gh12-4891,turnRight
a923-45b7-gh12-2602,turnRight
a923-45b7-gh12-8697,turnRight
a923-45b7-gh12-7886,turnRight
a923-45b7-gh12-2557,turnRight
a923-45b7-gh12-4351,turnRight
a923-45b7-gh12-8632,turnRight
a923-45b7-gh12-8305,turnRight
a923-45b7-gh12-6451,turnRight
a923-45b7-gh12-8134,move
a923-45b7-gh12-7398,move
a923-45b7-gh12-7622,move
a923-45b7-gh12-9204,move
a923-45b7-gh12-2837,move
a923-45b7-gh12-2715,move
a923-45b7-gh12-2813,move
a923-45b7-gh12-3390,move
a923-45b7-gh12-4765,move
a923-45b7-gh12-8407,move
a923-45b7-gh12-2057,move
a923-45b7-gh12-2943,move
a923-45b7-gh12-9316,move
a923-45b7-gh12-3285,move
a923-45b7-gh12-2336,move
a923-45b7-gh12-3179,move
a923-45b7-gh12-7231,move
a923-45b7-gh12-1260,move
a923-45b7-gh12-1310,move
a923-45b7-gh12-5164,move
a923-45b7-gh12-3343,turnLeft
a923-45b7-gh12-6007,turnLeft
a923-45b7-gh12-7525,turnLeft
a923-45b7-gh12-6297,turnLeft
a923-45b7-gh12-2160,turnLeft
a923-45b7-gh12-3197,turnLeft
a923-45b7-gh12-427,turnLeft
a923-45b7-gh12-5021,turnLeft
a923-45b7-gh12-3806,turnLeft
a923-45b7-gh12-6714,turnLeft
a923-45b7-gh12-3653,turnLeft
a923-45b7-gh12-2488,turnLeft
a923-45b7-gh12-9546,turnLeft
a923-45b7-gh12-8594,turnLeft
a923-45b7-gh12-6436,turnLeft
a923-45b7-gh12-8352,turnLeft
a923-45b7-gh12-2554,turnLeft
a923-45b7-gh12-4433,turnLeft
a923-45b7-gh12-2846,turnLeft
a923-45b7-gh12-1489,turnRight
a923-45b7-gh12-8597,turnRight
a923-45b7-gh12-4705,turnRight
a923-45b7-gh12-4810,turnRight
a923-45b7-gh12-5684,turnRight
a923-45b7-gh12-7471,turnRight
a923-45b7-gh12-2597,turnRight
a923-45b7-gh12-1892,turnRight
a923-45b7-gh12-4364,turnRight
a923-45b7-gh12-5581,turnRight
a923-45b7-gh12-5007,turnRight
a923-45b7-gh12-3329,turnRight
a923-45b7-gh12-5869,turnRight
a923-45b7-gh12-8923,turnRight
a923-45b7-gh12-7331,turnRight
a923-45b7-gh12-6868,turnRight
a923-45b7-gh12-1873,turnRight
a923-45b7-gh12-3290,move
a923-45b7-gh12-3991,move
a923-45b7-gh12-1103,move
a923-45b7-gh12-6175,move
a923-45b7-gh12-623,move
a923-45b7-gh12-2643,move
a923-45b7-gh12-9463,move
a923-45b7-gh12-3224,move
a923-45b7-gh12-6222,move
a923-45b7-gh12-5622,move
a923-45b7-gh12-7040,move
a923-45b7-gh12-6495,move
a923-45b7-gh12-9420,move
a923-45b7-gh12-960,move
a923-45b7-gh12-330,move
a923-45b7-gh12-9189,move
a923-45b7-gh12-5631,move
a923-45b7-gh12-2351,move
a923-45b7-gh12-792,move
a923-45b7-gh12-462,move
a923-45b7-gh12-9621,turnLeft
a923-45b7-gh12-8049,turnLeft
a923-45b7-gh12-9231,turnLeft
a923-45b7-gh12-1348,turnLeft
a923-45b7-gh12-577,turnLeft
a923-45b7-gh12-4752,turnLeft
a923-45b7-gh12-2052,turnLeft
a923-45b7-gh12-8027,turnLeft
a923-45b7-gh12-9992,turnLeft
a923-45b7-gh12-4993,turnLeft
a923-45b7-gh12-9012,turnLeft
a923-45b7-gh12-8017,turnLeft
a923-45b7-gh12-2522,turnLeft
a923-45b7-gh12-8562,turnLeft
a923-45b7-gh12-7248,turnLeft
a923-45b7-gh12-7504,turnLeft
a923-45b7-gh12-7912,turnLeft
a923-45b7-gh12-9733,turnLeft
a923-45b7-gh12-9211,turnLeft
a923-45b7-gh12-1337,turnRight
a923-45b7-gh12-6038,turnRight
a923-45b7-gh12-6065,turnRight
a923-45b7-gh12-9453,turnRight
a923-45b7-gh12-6197,turnRight
a923-45b7-gh12-8506,turnRight
a923-45b7-gh12-6514,turnRight
a923-45b7-gh12-8268,turnRight
a923-45b7-gh12-9702,turnRight
a923-45b7-gh12-7874,turnRight
a923-45b7-gh12-4051,turnRight
a923-45b7-gh12-1005,turnRight
a923-45b7-gh12-2433,turnRight
a923-45b7-gh12-6989,turnRight
a923-45b7-gh12-9329,turnRight
a923-45b7-gh12-5077,turnRight
a923-45b7-gh12-8741,turnRight
a923-45b7-gh12-4482,move
a923-45b7-gh12-7714,move
a923-45b7-gh12-6015,move
a923-45b7-gh12-7869,move
a923-45b7-gh12-2234,move
a923-45b7-gh12-7897,move
a923-45b7-gh12-8056,move
a923-45b7-gh12-7658,move
a923-45b7-gh12-5924,move
a923-45b7-gh12-573,move
a923-45b7-gh12-8296,move
a923-45b7-gh12-9920,move
a923-45b7-gh12-6925,move
a923-45b7-gh12-3113,move
a923-45b7-gh12-353,move
a923-45b7-gh12-4539,move
a923-45b7-gh12-656,move
a923-45b7-gh12-5461,move
a923-45b7-gh12-8284,move
a923-45b7-gh12-3118,move
a923-45b7-gh12-8245,turnLeft
a923-45b7-gh12-6607,turnLeft
a923-45b7-gh12-3617,turnLeft
a923-45b7-gh12-9727,turnLeft
a923-45b7-gh12-4907,turnLeft
a923-45b7-gh12-6379,turnLeft
a923-45b7-gh12-3554,turnLeft
a923-45b7-gh12-7150,turnLeft
a923-45b7-gh12-2603,turnLeft
a923-45b7-gh12-8549,turnLeft
a923-45b7-gh12-2909,turnLeft
a923-45b7-gh12-8617,turnLeft
a923-45b7-gh12-3549,turnLeft
a923-45b7-gh12-6178,turnLeft
a923-45b7-gh12-1873,turnLeft
a923-45b7-gh12-8041,turnLeft
a923-45b7-gh12-4413,turnLeft
a923-45b7-gh12-1139,turnLeft
a923-45b7-gh12-2051,turnLeft
a923-45b7-gh12-8308,turnRight
a923-45b7-gh12-4587,turnRight
a923-45b7-gh12-694,turnRight
a923-45b7-gh12-9189,turnRight
a923-45b7-gh12-4590,turnRight
a923-45b7-gh12-9772,turnRight
a923-45b7-gh12-429,turnRight
a923-45b7-gh12-7568,turnRight
a923-45b7-gh12-6190,turnRight
a923-45b7-gh12-8025,turnRight
a923-45b7-gh12-7844,turnRight
a923-45b7-gh12-8029,turnRight
a923-45b7-gh12-5321,turnRight
a923-45b7-gh12-5191,turnRight
a923-45b7-gh12-3638,turnRight
a923-45b7-gh12-5393,turnRight
a923-45b7-gh12-8187,turnRight
a923-45b7-gh12-267,move
a923-45b7-gh12-7507,move
a923-45b7-gh12-5271,move
a923-45b7-gh12-3891,move
a923-45b7-gh12-6246,move
a923-45b7-gh12-3544,move
a923-45b7-gh12-5605,move
a923-45b7-gh12-6777,move
a923-45b7-gh12-7783,move
a923-45b7-gh12-2791,move
a923-45b7-gh12-5581,move
a923-45b7-gh12-6006,move
a923-45b7-gh12-1810,move
a923-45b7-gh12-5454,move
a923-45b7-gh12-9872,move
a923-45b7-gh12-8799,move
a923-45b7-gh12-7296,move
a923-45b7-gh12-5202,move
a923-45b7-gh12-2044,move
a923-45b7-gh12-5819,move
a923-45b7-gh12-1543,turnLeft
a923-45b7-gh12-2871,turnLeft
a923-45b7-gh12-1154,turnLeft
a923-45b7-gh12-3494,turnLeft
a923-45b7-gh12-212,turnLeft
a923-45b7-gh12-6019,turnLeft
a923-45b7-gh12-4343,turnLeft
a923-45b7-gh12-2044,turnLeft
a923-45b7-gh12-5198,turnLeft
a923-45b7-gh12-7817,turnLeft
a923-45b7-gh12-1291,turnLeft
a923-45b7-gh12-792,turnLeft
a923-45b7-gh12-3508,turnLeft
a923-45b7-gh12-9867,turnLeft
a923-45b7-gh12-2685,turnLeft
a923-45b7-gh12-9757,turnLeft
a923-45b7-gh12-4077,turnLeft
a923-45b7-gh12-9223,turnLeft
a923-45b7-gh12-516,turnLeft
a923-45b7-gh12-5172,turnRight
a923-45b7-gh12-4614,turnRight
a923-45b7-gh12-3040,turnRight
a923-45b7-gh12-8259,turnRight
a923-45b7-gh12-3903,turnRight
a923-45b7-gh12-8880,turnRight
a923-45b7-gh12-2031,turnRight
a923-45b7-gh12-2109,turnRight
a923-45b7-gh12-1772,turnRight
a923-45b7-gh12-9411,turnRight
a923-45b7-gh12-8523,turnRight
a923-45b7-gh12-7741,turnRight
a923-45b7-gh12-5165,turnRight
a923-45b7-gh12-2259,turnRight
a923-45b7-gh12-193,turnRight
a923-45b7-gh12-3963,turnRight
a923-45b7-gh12-9031,turnRight
a923-45b7-gh12-9794,move
a923-45b7-gh12-9276,move
a923-45b7-gh12-8664,move
a923-45b7-gh12-3174,move
a923-45b7-gh12-3114,move
a923-45b7-gh12-9858,move
a923-45b7-gh12-3439,move
a923-45b7-gh12-4247,move
a923-45b7-gh12-622,move
a923-45b7-gh12-2539,move
a923-45b7-gh12-8669,move
a923-45b7-gh12-2060,move
a923-45b7-gh12-4978,move
a923-45b7-gh12-491,move
a923-45b7-gh12-9342,move
a923-45b7-gh12-3035,move
a923-45b7-gh12-140,move
a923-45b7-gh12-9159,move
a923-45b7-gh12-7178,move
a923-45b7-gh12-5495,move
a923-45b7-gh12-9710,turnLeft
a923-45b7-gh12-4042,turnLeft
a923-45b7-gh12-9733,turnLeft
a923-45b7-gh12-4948,turnLeft
a923-45b7-gh12-1695,turnLeft
a923-45b7-gh12-3722,turnLeft
a923-45b7-gh12-8376,turnLeft
a923-45b7-gh12-5748,turnLeft
a923-45b7-gh12-7742,turnLeft
a923-45b7-gh12-8780,turnLeft
a923-45b7-gh12-7338,turnLeft
a923-45b7-gh12-8902,turnLeft
a923-45b7-gh12-6048,turnLeft
a923-45b7-gh12-6033,turnLeft
a923-45b7-gh12-7253,turnLeft
a923-45b7-gh12-7282,turnLeft
a923-45b7-gh12-9367,turnLeft
a923-45b7-gh12-477,turnLeft
a923-45b7-gh12-5093,turnLeft
a923-45b7-gh12-5255,turnRight
a923-45b7-gh12-2331,turnRight
a923-45b7-gh12-7199,turnRight
a923-45b7-gh12-6854,turnRight
a923-45b7-gh12-9119,turnRight
a923-45b7-gh12-7812,turnRight
a923-45b7-gh12-7281,turnRight
a923-45b7-gh12-2444,turnRight
a923-45b7-gh12-2908,turnRight
a923-45b7-gh12-4649,turnRight
a923-45b7-gh12-8186,turnRight
a923-45b7-gh12-8845,turnRight
a923-45b7-gh12-2089,turnRight
a923-45b7-gh12-1295,turnRight
a923-45b7-gh12-8996,turnRight
a923-45b7-gh12-1267,turnRight
a923-45b7-gh12-8808,turnRight
a923-45b7-gh12-6832,move
a923-45b7-gh12-9135,move
a923-45b7-gh12-1273,move
a923-45b7-gh12-469,move
a923-45b7-gh12-4011,move
a923-45b7-gh12-3400,move
a923-45b7-gh12-2618,move
a923-45b7-gh12-9865,move
a923-45b7-gh12-4714,move
a923-45b7-gh12-4646,move
a923-45b7-gh12-9449,move
a923-45b7-gh12-8136,move
a923-45b7-gh12-8410,move
a923-45b7-gh12-6404,move
a923-45b7-gh12-8728,move
a923-45b7-gh12-9600,move
a923-45b7-gh12-9664,move
a923-45b7-gh12-4732,move
a923-45b7-gh12-462,move
a923-45b7-gh12-959,move
a923-45b7-gh12-4813,turnLeft
a923-45b7-gh12-7826,turnLeft
a923-45b7-gh12-9813,turnLeft
a923-45b7-gh12-37,turnLeft
a923-45b7-gh12-8915,turnLeft
a923-45b7-gh12-3330,turnLeft
a923-45b7-gh12-9775,turnLeft
a923-45b7-gh12-5761,turnLeft
a923-45b7-gh12-6922,turnLeft
a923-45b7-gh12-1,turnLeft
a923-45b7-gh12-8210,turnLeft
a923-45b7-gh12-9795,turnLeft
a923-45b7-gh12-4669,turnLeft
a923-45b7-gh12-415,turnLeft
a923-45b7-gh12-4296,turnLeft
a923-45b7-gh12-3628,turnLeft
a923-45b7-gh12-3601,turnLeft
a923-45b7-gh12-9542,turnLeft
a923-45b7-gh12-9929,turnLeft
a923-45b7-gh12-7534,turnRight
a923-45b7-gh12-1185,turnRight
a923-45b7-gh12-7017,turnRight
a923-45b7-gh12-831,turnRight
a923-45b7-gh12-6059,turnRight
a923-45b7-gh12-1410,turnRight
a923-45b7-gh12-7334,turnRight
a923-45b7-gh12-3012,turnRight
a923-45b7-gh12-3460,turnRight
a923-45b7-gh12-9983,turnRight
a923-45b7-gh12-2866,turnRight
a923-45b7-gh12-5899,turnRight
a923-45b7-gh12-2685,turnRight
a923-45b7-gh12-6230,turnRight
a923-45b7-gh12-8456,turnRight
a923-45b7-gh12-1394,turnRight
a923-45b7-gh12-5409,turnRight
a923-45b7-gh12-5138,move
a923-45b7-gh12-7538,move
a923-45b7-gh12-6838,move
a923-45b7-gh12-8801,move
a923-45b7-gh12-51,move
a923-45b7-gh12-8084,move
a923-45b7-gh12-1847,move
a923-45b7-gh12-6452,move
a923-45b7-gh12-8284,move
a923-45b7-gh12-3953,move
a923-45b7-gh12-8385,move
a923-45b7-gh12-4188,move
a923-45b7-gh12-9641,move
a923-45b7-gh12-9228,move
a923-45b7-gh12-9385,move
a923-45b7-gh12-7222,move
a923-45b7-gh12-3329,move
a923-45b7-gh12-136,move
a923-45b7-gh12-803,move
a923-45b7-gh12-1223,move
a923-45b7-gh12-7289,turnLeft
a923-45b7-gh12-8899,turnLeft
a923-45b7-gh12-3320,turnLeft
a923-45b7-gh12-7116,turnLeft
a923-45b7-gh12-9071,turnLeft
a923-45b7-gh12-5401,turnLeft
a923-45b7-gh12-1050,turnLeft
a923-45b7-gh12-2866,turnLeft
a923-45b7-gh12-341,turnLeft
a923-45b7-gh12-128,turnLeft
a923-45b7-gh12-882,turnLeft
a923-45b7-gh12-317,turnLeft
a923-45b7-gh12-4675,turnLeft
a923-45b7-gh12-156,turnLeft
a923-45b7-gh12-5165,turnLeft
a923-45b7-gh12-7478,turnLeft
a923-45b7-gh12-7187,turnLeft
a923-45b7-gh12-327,turnLeft
a923-45b7-gh12-2175,turnLeft
a923-45b7-gh12-3707,turnRight
a923-45b7-gh12-3403,turnRight
a923-45b7-gh12-5573,turnRight
a923-45b7-gh12-8761,turnRight
a923-45b7-gh12-145,turnRight
a923-45b7-gh12-9910,turnRight
a923-45b7-gh12-1045,turnRight
a923-45b7-gh12-8571,turnRight
a923-45b7-gh12-1893,turnRight
a923-45b7-gh12-1,turnRight
a923-45b7-gh12-1930,turnRight
a923-45b7-gh12-3118,turnRight
a923-45b7-gh12-717,turnRight
a923-45b7-gh12-858,turnRight
a923-45b7-gh12-6076,turnRight
a923-45b7-gh12-8353,turnRight
a923-45b7-gh12-8832,turnRight
a923-45b7-gh12-7485,move
a923-45b7-gh12-1877,move
a923-45b7-gh12-5288,move
a923-45b7-gh12-6969,move
a923-45b7-gh12-9413,move
a923-45b7-gh12-2704,move
a923-45b7-gh12-1459,move
a923-45b7-gh12-3878,move
a923-45b7-gh12-2137,move
a923-45b7-gh12-5272,move
a923-45b7-gh12-7733,move
a923-45b7-gh12-9646,move
a923-45b7-gh12-6415,move
a923-45b7-gh12-4367,move
a923-45b7-gh12-1829,move
a923-45b7-gh12-4460,move
a923-45b7-gh12-2720,move
a923-45b7-gh12-7590,move
a923-45b7-gh12-734,move
a923-45b7-gh12-735,move
a923-45b7-gh12-3041,turnLeft
a923-45b7-gh12-253,turnLeft
a923-45b7-gh12-8113,turnLeft
a923-45b7-gh12-2716,turnLeft
a923-45b7-gh12-747,turnLeft
a923-45b7-gh12-6438,turnLeft
a923-45b7-gh12-1496,turnLeft
a923-45b7-gh12-6455,turnLeft
a923-45b7-gh12-829,turnLeft
a923-45b7-gh12-9139,turnLeft
a923-45b7-gh12-9297,turnLeft
a923-45b7-gh12-2842,turnLeft
a923-45b7-gh12-4028,turnLeft
a923-45b7-gh12-1284,turnLeft
a923-45b7-gh12-3923,turnLeft
a923-45b7-gh12-9359,turnLeft
a923-45b7-gh12-9733,turnLeft
a923-45b7-gh12-7743,turnLeft
a923-45b7-gh12-592,turnLeft
a923-45b7-gh12-9649,turnRight
a923-45b7-gh12-1251,turnRight
a923-45b7-gh12-4797,turnRight
a923-45b7-gh12-5287,turnRight
a923-45b7-gh12-3978,turnRight
a923-45b7-gh12-7145,turnRight
a923-45b7-gh12-9970,turnRight
a923-45b7-gh12-7697,turnRight
a923-45b7-gh12-2360,turnRight
a923-45b7-gh12-8520,turnRight
a923-45b7-gh12-8578,turnRight
a923-45b7-gh12-3156,turnRight
a923-45b7-gh12-5777,turnRight
a923-45b7-gh12-5978,turnRight
a923-45b7-gh12-8547,turnRight
a923-45b7-gh12-6085,turnRight
a923-45b7-gh12-1889,turnRight
a923-45b7-gh12-4796,move
a923-45b7-gh12-6405,move
a923-45b7-gh12-5855,move
a923-45b7-gh12-2108,move
a923-45b7-gh12-4615,move
a923-45b7-gh12-8026,move
a923-45b7-gh12-5255,move
a923-45b7-gh12-7459,move
a923-45b7-gh12-2049,move
a923-45b7-gh12-4598,move
a923-45b7-gh12-4234,move
a923-45b7-gh12-8556,move
a923-45b7-gh12-4283,move
a923-45b7-gh12-9177,move
a923-45b7-gh12-3232,move
a923-45b7-gh12-3454,move
a923-45b7-gh12-3972,move
a923-45b7-gh12-5168,move
a923-45b7-gh12-3787,move
a923-45b7-gh12-9740,move
a923-45b7-gh12-5818,turnLeft
a923-45b7-gh12-7621,turnLeft
a923-45b7-gh12-9474,turnLeft
a923-45b7-gh12-1115,turnLeft
a923-45b7-gh12-9075,turnLeft
a923-45b7-gh12-1827,turnLeft
a923-45b7-gh12-5364,turnLeft
a923-45b7-gh12-2865,turnLeft
a923-45b7-gh12-3795,turnLeft
a923-45b7-gh12-8531,turnLeft
a923-45b7-gh12-6960,turnLeft
a923-45b7-gh12-5362,turnLeft
a923-45b7-gh12-9426,turnLeft
a923-45b7-gh12-6250,turnLeft
a923-45b7-gh12-1708,turnLeft
a923-45b7-gh12-4607,turnLeft
a923-45b7-gh12-9210,turnLeft
a923-45b7-gh12-3510,turnLeft
a923-45b7-gh12-1847,turnLeft
a923-45b7-gh12-8004,turnRight
a923-45b7-gh12-194,turnRight
a923-45b7-gh12-6599,turnRight
a923-45b7-gh12-562,turnRight
a923-45b7-gh12-5922,turnRight
a923-45b7-gh12-2695,turnRight
a923-45b7-gh12-7612,turnRight
a923-45b7-gh12-7408,turnRight
a923-45b7-gh12-7584,turnRight
a923-45b7-gh12-462,turnRight
a923-45b7-gh12-5468,turnRight
a923-45b7-gh12-8890,turnRight
a923-45b7-gh12-7518,turnRight
a923-45b7-gh12-5561,turnRight
a923-45b7-gh12-307,turnRight
a923-45b7-gh12-6082,turnRight
a923-45b7-gh12-5065,turnRight
a923-45b7-gh12-3660,move
a923-45b7-gh12-9718,move
a923-45b7-gh12-5379,move
a923-45b7-gh12-6260,move
a923-45b7-gh12-6231,move
a923-45b7-gh12-5109,move
a923-45b7-gh12-104,move
a923-45b7-gh12-2949,move
a923-45b7-gh12-7594,move
a923-45b7-gh12-9493,move
a923-45b7-gh12-6697,move
a923-45b7-gh12-6849,move
a923-45b7-gh12-7168,move
a923-45b7-gh12-527,move
a923-45b7-gh12-3686,move
a923-45b7-gh12-3136,move
a923-45b7-gh12-2837,move
a923-45b7-gh12-9998,move
a923-45b7-gh12-3355,move
a923-45b7-gh12-9635,move
a923-45b7-gh12-8590,turnLeft
a923-45b7-gh12-4992,turnLeft
a923-45b7-gh12-4855,turnLeft
a923-45b7-gh12-162,turnLeft
a923-45b7-gh12-7688,turnLeft
a923-45b7-gh12-1806,turnLeft
a923-45b7-gh12-8451,turnLeft
a923-45b7-gh12-1956,turnLeft
a923-45b7-gh12-5508,turnLeft
a923-45b7-gh12-1689,turnLeft
a923-45b7-gh12-3851,turnLeft
a923-45b7-gh12-8434,turnLeft
a923-45b7-gh12-3876,turnLeft
a923-45b7-gh12-6709,turnLeft
a923-45b7-gh12-665,turnLeft
a923-45b7-gh12-3242,turnLeft
a923-45b7-gh12-5172,turnLeft
a923-45b7-gh12-3358,turnLeft
a923-45b7-gh12-8967,turnLeft
a923-45b7-gh12-2854,turnRight
a923-45b7-gh12-7645,turnRight
a923-45b7-gh12-5747,turnRight
a923-45b7-gh12-1619,turnRight
a923-45b7-gh12-8036,turnRight
a923-45b7-gh12-7054,turnRight
a923-45b7-gh12-3030,turnRight
a923-45b7-gh12-5746,turnRight
a923-45b7-gh12-7383,turnRight
a923-45b7-gh12-7840,turnRight
a923-45b7-gh12-2082,turnRight
a923-45b7-gh12-7689,turnRight
a923-45b7-gh12-4415,turnRight
a923-45b7-gh12-225,turnRight
a923-45b7-gh12-697,turnRight
a923-45b7-gh12-4181,turnRight
a923-45b7-gh12-8600,turnRight
a923-45b7-gh12-5671,move
a923-45b7-gh12-6716,move
a923-45b7-gh12-1372,move
a923-45b7-gh12-1386,move
a923-45b7-gh12-7163,move
a923-45b7-gh12-2225,move
a923-45b7-gh12-801,move
a923-45b7-gh12-8368,move
a923-45b7-gh12-9355,move
a923-45b7-gh12-6776,move
a923-45b7-gh12-3852,move
a923-45b7-gh12-2198,move
a923-45b7-gh12-2252,move
a923-45b7-gh12-9569,move
a923-45b7-gh12-6606,move
a923-45b7-gh12-8670,move
a923-45b7-gh12-3087,move
a923-45b7-gh12-7688,move
a923-45b7-gh12-1104,move
a923-45b7-gh12-3017,move
a923-45b7-gh12-8003,turnLeft
a923-45b7-gh12-1148,turnLeft
a923-45b7-gh12-7495,turnLeft
a923-45b7-gh12-3358,turnLeft
a923-45b7-gh12-6229,turnLeft
a923-45b7-gh12-1590,turnLeft
a923-45b7-gh12-336,turnLeft
a923-45b7-gh12-7840,turnLeft
a923-45b7-gh12-2964,turnLeft
a923-45b7-gh12-5760,turnLeft
a923-45b7-gh12-4163,turnLeft
a923-45b7-gh12-1873,turnLeft
a923-45b7-gh12-8321,turnLeft
a923-45b7-gh12-1430,turnLeft
a923-45b7-gh12-4141,turnLeft
a923-45b7-gh12-5317,turnLeft
a923-45b7-gh12-9896,turnLeft
a923-45b7-gh12-782,turnLeft
a923-45b7-gh12-4586,turnLeft
a923-45b7-gh12-5879,turnRight
a923-45b7-gh12-5182,turnRight
a923-45b7-gh12-648,turnRight
a923-45b7-gh12-7620,turnRight
a923-45b7-gh12-6540,turnRight
a923-45b7-gh12-4020,turnRight
a923-45b7-gh12-5942,turnRight
a923-45b7-gh12-3375,turnRight
a923-45b7-gh12-7010,turnRight
a923-45b7-gh12-447,turnRight
a923-45b7-gh12-5002,turnRight
a923-45b7-gh12-2346,turnRight
a923-45b7-gh12-1065,turnRight
a923-45b7-gh12-9999,turnRight
a923-45b7-gh12-885,turnRight
a923-45b7-gh12-4653,turnRight
a923-45b7-gh12-7152,turnRight
a923-45b7-gh12-5201,move
a923-45b7-gh12-7522,move
a923-45b7-gh12-279,move
a923-45b7-gh12-492,move
a923-45b7-gh12-2588,move
a923-45b7-gh12-601,move
a923-45b7-gh12-7744,move
a923-45b7-gh12-8242,move
a923-45b7-gh12-3111,move
a923-45b7-gh12-517,move
a923-45b7-gh12-8087,move
a923-45b7-gh12-8579,move
a923-45b7-gh12-932,move
a923-45b7-gh12-1356,move
a923-45b7-gh12-7618,move
a923-45b7-gh12-3379,move
a923-45b7-gh12-685,move
a923-45b7-gh12-8163,move
a923-45b7-gh12-2165,move
a923-45b7-gh12-4202,move
